date,spot,rate
2015-01-02,52.69,0.0002
2015-01-05,50.04,0.0003
2015-01-06,47.93,0.0003
2015-01-07,48.65,0.0003
2015-01-08,48.79,0.0003
2015-01-09,48.36,0.0002
2015-01-12,46.07,0.0003
2015-01-13,45.89,0.0003
2015-01-14,48.48,0.0004
2015-01-15,46.25,0.0003
2015-01-16,48.69,0.0003
2015-01-20,46.39,0.0003
2015-01-21,47.78,0.0003
2015-01-22,46.31,0.0003
2015-01-23,45.59,0.0002
2015-01-26,45.15,0.0003
2015-01-27,46.23,0.0002
2015-01-28,44.45,0.0002
2015-01-29,44.53,0.0003
2015-01-30,48.24,0.0002
2015-02-02,49.57,0.0002
2015-02-03,53.05,0.0002
2015-02-04,48.45,0.0001
2015-02-05,50.48,0.0002
2015-02-06,51.69,0.0002
2015-02-09,52.86,0.0001
2015-02-10,50.02,0.0001
2015-02-11,48.84,0.0001
2015-02-12,51.21,0.0002
2015-02-13,52.78,0.0001
2015-02-17,53.53,0.0002
2015-02-18,52.14,0.0002
2015-02-19,51.16,0.0002
2015-02-20,50.34,0.0002
2015-02-23,49.45,0.0002
2015-02-24,49.28,0.0002
2015-02-25,50.99,0.0002
2015-02-26,48.17,0.0003
2015-02-27,49.76,0.0002
2015-03-02,49.59,0.0002
2015-03-03,50.52,0.0002
2015-03-04,51.53,0.0001
2015-03-05,50.76,0.0002
2015-03-06,49.61,0.0001
2015-03-09,50.0,0.0002
2015-03-10,48.29,0.0002
2015-03-11,48.17,0.0003
2015-03-12,47.05,0.0003
2015-03-13,44.84,0.0003
2015-03-16,43.88,0.0005
2015-03-17,43.46,0.0005
2015-03-18,44.66,0.0003
2015-03-19,43.96,0.0003
2015-03-20,45.72,0.0001
2015-03-23,47.45,0.0003
2015-03-24,47.51,0.0002
2015-03-25,49.21,0.0004
2015-03-26,51.43,0.0003
2015-03-27,48.87,0.0004
2015-03-30,48.68,0.0004
2015-03-31,47.6,0.0003
2015-04-01,50.09,0.0003
2015-04-02,49.14,0.0002
2015-04-03,49.14,0.0002
2015-04-06,52.14,0.0003
2015-04-07,53.98,0.0002
2015-04-08,50.42,0.0003
2015-04-09,50.79,0.0003
2015-04-10,51.64,0.0002
2015-04-13,51.91,0.0003
2015-04-14,53.29,0.0002
2015-04-15,56.39,0.0002
2015-04-16,56.71,0.0002
2015-04-17,55.74,0.0001
2015-04-20,56.38,0.0003
2015-04-21,55.26,0.0003
2015-04-22,56.16,0.0003
2015-04-23,57.74,0.0003
2015-04-24,57.15,0.0003
2015-04-27,56.99,0.0002
2015-04-28,57.06,0.0002
2015-04-29,58.58,0.0001
2015-04-30,59.63,0.0001
2015-05-01,59.15,0.0001
2015-05-04,58.93,0.0002
2015-05-05,60.4,0.0001
2015-05-06,60.93,0.0002
2015-05-07,58.94,0.0001
2015-05-08,59.39,0.0001
2015-05-11,59.25,0.0002
2015-05-12,60.75,0.0003
2015-05-13,60.5,0.0002
2015-05-14,59.88,0.0001
2015-05-15,59.69,0.0002
2015-05-18,59.43,0.0002
2015-05-19,57.26,0.0002
2015-05-20,58.98,0.0002
2015-05-21,60.72,0.0002
2015-05-22,59.72,0.0002
2015-05-26,58.03,0.0002
2015-05-27,57.51,0.0001
2015-05-28,57.68,0.0001
2015-05-29,60.3,0.0001
2015-06-01,60.2,0.0002
2015-06-02,61.26,0.0001
2015-06-03,59.64,0.0002
2015-06-04,58.0,0.0002
2015-06-05,59.13,0.0003
2015-06-08,58.14,0.0002
2015-06-09,60.14,0.0002
2015-06-10,61.43,0.0002
2015-06-11,60.77,0.0001
2015-06-12,59.96,0.0002
2015-06-15,59.52,0.0002
2015-06-16,59.97,0.0001
2015-06-17,59.92,0.0001
2015-06-18,60.45,0.0001
2015-06-19,59.61,0.0001
2015-06-22,59.68,0.0001
2015-06-23,61.01,0.0001
2015-06-24,60.27,0.0001
2015-06-25,59.7,0.0001
2015-06-26,59.63,0.0001
2015-06-29,58.33,0.0002
2015-06-30,59.47,0.0001
2015-07-01,56.96,0.0001
2015-07-02,56.93,0.0001
2015-07-06,52.53,0.0002
2015-07-07,52.33,0.0002
2015-07-08,51.65,0.0002
2015-07-09,52.78,0.0003
2015-07-10,52.74,0.0001
2015-07-13,52.2,0.0002
2015-07-14,53.04,0.0001
2015-07-15,51.41,0.0002
2015-07-16,50.91,0.0002
2015-07-17,50.89,0.0003
2015-07-20,50.15,0.0004
2015-07-21,50.36,0.0003
2015-07-22,49.19,0.0004
2015-07-23,48.45,0.0003
2015-07-24,48.14,0.0004
2015-07-27,47.39,0.0005
2015-07-28,47.98,0.0005
2015-07-29,48.79,0.0006
2015-07-30,48.52,0.0007000000000000001
2015-07-31,47.12,0.0008
2015-08-03,45.17,0.0008
2015-08-04,45.74,0.0008
2015-08-05,45.15,0.0008
2015-08-06,44.66,0.0004
2015-08-07,43.87,0.0006
2015-08-10,44.96,0.0012
2015-08-11,43.08,0.001
2015-08-12,43.3,0.001
2015-08-13,42.23,0.001
2015-08-14,42.5,0.0009
2015-08-17,41.87,0.001
2015-08-18,42.62,0.0007000000000000001
2015-08-19,40.8,0.0005
2015-08-20,41.14,0.0002
2015-08-21,40.45,0.0003
2015-08-24,38.24,0.0006
2015-08-25,39.31,0.0007000000000000001
2015-08-26,38.6,0.0006
2015-08-27,42.56,0.0006
2015-08-28,45.22,0.0006
2015-08-31,49.2,0.0008
2015-09-01,45.41,0.0003
2015-09-02,46.25,0.0003
2015-09-03,46.75,0.0002
2015-09-04,46.05,0.0002
2015-09-08,45.94,0.0006
2015-09-09,44.15,0.0003
2015-09-10,45.92,0.0002
2015-09-11,44.63,0.0004
2015-09-14,44.0,0.0007000000000000001
2015-09-15,44.59,0.0007000000000000001
2015-09-16,47.15,0.0006
2015-09-17,46.9,0.0001
2015-09-18,44.68,0.0
2015-09-21,46.68,0.0001
2015-09-22,45.83,0.0
2015-09-23,44.48,0.0001
2015-09-24,44.91,0.0001
2015-09-25,45.7,0.0
2015-09-28,44.43,0.0001
2015-09-29,45.23,0.0001
2015-09-30,45.09,0.0
2015-10-01,44.74,0.0
2015-10-02,45.54,0.0
2015-10-05,46.26,0.0001
2015-10-06,48.53,0.0
2015-10-07,47.81,0.0
2015-10-08,49.43,0.0
2015-10-09,49.63,0.0001
2015-10-12,47.1,0.0001
2015-10-13,46.66,0.0001
2015-10-14,46.64,0.0
2015-10-15,46.38,0.0001
2015-10-16,47.26,0.0001
2015-10-19,45.89,0.0002
2015-10-20,45.55,0.0002
2015-10-21,45.2,0.0001
2015-10-22,45.38,0.0
2015-10-23,44.6,0.0001
2015-10-26,43.98,0.0002
2015-10-27,43.2,0.0003
2015-10-28,45.94,0.0004
2015-10-29,46.06,0.0007000000000000001
2015-10-30,46.59,0.0008
2015-11-02,46.14,0.0008
2015-11-03,47.9,0.0006
2015-11-04,46.32,0.0005
2015-11-05,45.2,0.0005
2015-11-06,44.29,0.0008
2015-11-09,43.87,0.0014000000000000002
2015-11-10,44.21,0.0013
2015-11-11,42.93,0.0013
2015-11-12,41.75,0.0014000000000000002
2015-11-13,40.74,0.0014000000000000002
2015-11-16,41.74,0.0015
2015-11-17,40.67,0.0014000000000000002
2015-11-18,40.75,0.0012
2015-11-19,40.54,0.0011
2015-11-20,40.39,0.0012
2015-11-23,41.75,0.0014000000000000002
2015-11-24,42.87,0.0016
2015-11-25,43.04,0.0019
2015-11-27,41.71,0.0018
2015-11-30,41.65,0.0022
2015-12-01,41.85,0.0021
2015-12-02,39.94,0.0021
2015-12-03,41.08,0.0021
2015-12-04,39.97,0.0023
2015-12-07,37.65,0.0029
2015-12-08,37.51,0.0027
2015-12-09,37.16,0.0026
2015-12-10,36.76,0.0024
2015-12-11,35.62,0.0023
2015-12-14,36.31,0.0026
2015-12-15,37.35,0.0025
2015-12-16,35.52,0.0027
2015-12-17,34.95,0.0023
2015-12-18,34.73,0.0019
2015-12-21,34.74,0.0024
2015-12-22,36.14,0.0021
2015-12-23,37.5,0.002
2015-12-24,38.1,0.002
2015-12-28,36.81,0.0023
2015-12-29,37.87,0.0023
2015-12-30,36.6,0.0021
2015-12-31,37.04,0.0016
2016-01-04,36.76,0.0022
2016-01-05,35.97,0.002
2016-01-06,33.97,0.0021
2016-01-07,33.27,0.002
2016-01-08,33.16,0.002
2016-01-11,31.41,0.0021
2016-01-12,30.44,0.0021
2016-01-13,30.48,0.0022
2016-01-14,31.2,0.0025
2016-01-15,29.42,0.0024
2016-01-19,28.46,0.0026
2016-01-20,26.55,0.0026
2016-01-21,29.53,0.0028000000000000004
2016-01-22,32.19,0.0031
2016-01-25,30.34,0.0031
2016-01-26,31.45,0.0031
2016-01-27,32.3,0.0032
2016-01-28,33.22,0.0034999999999999996
2016-01-29,33.62,0.0033
2016-02-01,31.62,0.0034999999999999996
2016-02-02,29.88,0.0034000000000000002
2016-02-03,32.28,0.0033
2016-02-04,31.72,0.0029
2016-02-05,30.89,0.003
2016-02-08,29.69,0.0032
2016-02-09,27.94,0.003
2016-02-10,27.45,0.0031
2016-02-11,26.21,0.0028000000000000004
2016-02-12,29.44,0.003
2016-02-16,29.04,0.003
2016-02-17,30.66,0.003
2016-02-18,30.77,0.003
2016-02-19,29.64,0.0031
2016-02-22,31.48,0.0033
2016-02-23,31.87,0.0032
2016-02-24,32.15,0.0033
2016-02-25,33.07,0.0032
2016-02-26,32.78,0.0033
2016-02-29,33.75,0.0033
2016-03-01,34.4,0.0033
2016-03-02,34.66,0.0036
2016-03-03,34.57,0.0028000000000000004
2016-03-04,35.92,0.0029
2016-03-07,37.9,0.0032
2016-03-08,36.5,0.0029
2016-03-09,38.29,0.003
2016-03-10,37.84,0.0032
2016-03-11,38.5,0.0033
2016-03-14,37.18,0.0034000000000000002
2016-03-15,36.34,0.0034000000000000002
2016-03-16,38.46,0.0031
2016-03-17,40.2,0.0029
2016-03-18,39.44,0.003
2016-03-21,39.91,0.0031
2016-03-22,41.45,0.003
2016-03-23,39.79,0.003
2016-03-24,39.46,0.003
2016-03-28,39.39,0.0029
2016-03-29,38.28,0.0023
2016-03-30,38.32,0.002
2016-03-31,38.34,0.0021
2016-04-01,36.79,0.0023
2016-04-04,35.7,0.0023
2016-04-05,35.89,0.0023
2016-04-06,37.75,0.0023
2016-04-07,37.26,0.0023
2016-04-08,39.72,0.0023
2016-04-11,40.36,0.0023
2016-04-12,42.17,0.0022
2016-04-13,41.76,0.0023
2016-04-14,41.5,0.0022
2016-04-15,40.36,0.0022
2016-04-18,39.78,0.0022
2016-04-19,41.08,0.0021
2016-04-20,42.63,0.0023
2016-04-21,43.18,0.0023
2016-04-22,43.73,0.0023
2016-04-25,42.64,0.0025
2016-04-26,44.04,0.0024
2016-04-27,45.33,0.0024
2016-04-28,46.03,0.0022
2016-04-29,45.92,0.0022
2016-05-02,44.78,0.0022
2016-05-03,43.65,0.0021
2016-05-04,43.78,0.0019
2016-05-05,44.32,0.002
2016-05-06,44.66,0.0019
2016-05-09,43.44,0.0024
2016-05-10,44.66,0.0024
2016-05-11,46.23,0.0026
2016-05-12,46.7,0.0027
2016-05-13,46.21,0.0029
2016-05-16,47.72,0.0028000000000000004
2016-05-17,48.31,0.0028000000000000004
2016-05-18,48.19,0.003
2016-05-19,48.16,0.0031
2016-05-20,47.75,0.0033
2016-05-23,48.08,0.0034999999999999996
2016-05-24,48.62,0.0034999999999999996
2016-05-25,49.56,0.0033
2016-05-26,49.48,0.0031
2016-05-27,49.33,0.0032
2016-05-31,49.1,0.0034000000000000002
2016-06-01,49.01,0.003
2016-06-02,49.17,0.0029
2016-06-03,48.62,0.003
2016-06-06,49.69,0.0028000000000000004
2016-06-07,50.36,0.0028000000000000004
2016-06-08,51.23,0.0024
2016-06-09,50.56,0.0026
2016-06-10,49.07,0.0026
2016-06-13,48.88,0.0027
2016-06-14,48.49,0.0027
2016-06-15,48.01,0.0026
2016-06-16,46.21,0.0027
2016-06-17,47.98,0.0027
2016-06-20,49.37,0.0028000000000000004
2016-06-21,48.85,0.0027
2016-06-22,49.13,0.0027
2016-06-23,50.11,0.0031
2016-06-24,47.64,0.0027
2016-06-27,46.33,0.0027
2016-06-28,47.85,0.0026
2016-06-29,49.88,0.0026
2016-06-30,48.33,0.0026
2016-07-01,48.99,0.0028000000000000004
2016-07-05,46.6,0.0028000000000000004
2016-07-06,47.43,0.0027
2016-07-07,45.14,0.0029
2016-07-08,45.41,0.0028000000000000004
2016-07-11,44.76,0.0031
2016-07-12,46.8,0.0029
2016-07-13,44.75,0.0031
2016-07-14,45.68,0.0032
2016-07-15,45.95,0.0032
2016-07-18,45.24,0.0032
2016-07-19,44.65,0.0031
2016-07-20,44.94,0.0032
2016-07-21,44.75,0.0032
2016-07-22,44.19,0.0033
2016-07-25,43.13,0.0032
2016-07-26,42.92,0.0031
2016-07-27,41.92,0.0031
2016-07-28,41.14,0.0025
2016-07-29,41.6,0.0028000000000000004
2016-08-01,40.06,0.0029
2016-08-02,39.51,0.0029
2016-08-03,40.83,0.0028000000000000004
2016-08-04,41.93,0.0026
2016-08-05,41.8,0.0028000000000000004
2016-08-08,43.02,0.0031
2016-08-09,42.77,0.0029
2016-08-10,41.71,0.0028000000000000004
2016-08-11,43.49,0.0028000000000000004
2016-08-12,44.49,0.0029
2016-08-15,45.74,0.0031
2016-08-16,46.58,0.0027
2016-08-17,46.79,0.003
2016-08-18,48.22,0.003
2016-08-19,48.52,0.003
2016-08-22,47.05,0.0029
2016-08-23,48.1,0.003
2016-08-24,46.77,0.0031
2016-08-25,47.33,0.0033
2016-08-26,47.64,0.0034000000000000002
2016-08-29,46.98,0.0033
2016-08-30,46.35,0.0033
2016-08-31,44.7,0.0033
2016-09-01,43.16,0.0033
2016-09-02,44.44,0.0033
2016-09-06,44.83,0.0032
2016-09-07,45.5,0.0034000000000000002
2016-09-08,47.62,0.0034999999999999996
2016-09-09,45.88,0.0034999999999999996
2016-09-12,46.29,0.0037
2016-09-13,44.9,0.0036
2016-09-14,43.58,0.0033
2016-09-15,43.91,0.0029
2016-09-16,43.03,0.003
2016-09-19,43.3,0.003
2016-09-20,43.44,0.003
2016-09-21,45.34,0.0022
2016-09-22,46.32,0.0018
2016-09-23,44.48,0.0018
2016-09-26,45.93,0.0025
2016-09-27,44.67,0.0026
2016-09-28,47.05,0.0027
2016-09-29,47.83,0.0026
2016-09-30,48.24,0.0029
2016-10-03,48.81,0.0032
2016-10-04,48.69,0.0033
2016-10-05,49.83,0.0032
2016-10-06,50.44,0.0033
2016-10-07,49.81,0.0033
2016-10-10,51.35,0.0033
2016-10-11,50.79,0.0034999999999999996
2016-10-12,50.18,0.0037
2016-10-13,50.44,0.003
2016-10-14,50.35,0.0032
2016-10-17,49.94,0.0034000000000000002
2016-10-18,50.29,0.0034000000000000002
2016-10-19,51.6,0.0034999999999999996
2016-10-20,50.43,0.0034999999999999996
2016-10-21,50.85,0.0034000000000000002
2016-10-24,50.52,0.0033
2016-10-25,49.96,0.0034000000000000002
2016-10-26,49.18,0.0033
2016-10-27,49.72,0.003
2016-10-28,48.7,0.003
2016-10-31,46.86,0.0034000000000000002
2016-11-01,46.67,0.0034999999999999996
2016-11-02,45.34,0.0037
2016-11-03,44.66,0.0038
2016-11-04,44.07,0.0038
2016-11-07,44.89,0.0040999999999999995
2016-11-08,44.98,0.0043
2016-11-09,45.27,0.0045000000000000005
2016-11-10,44.66,0.0048
2016-11-11,43.41,0.0048
2016-11-14,43.32,0.0055000000000000005
2016-11-15,45.81,0.0051
2016-11-16,45.57,0.004699999999999999
2016-11-17,45.42,0.0044
2016-11-18,45.69,0.0044
2016-11-21,47.49,0.0046
2016-11-22,48.03,0.0049
2016-11-23,47.96,0.0051
2016-11-25,46.06,0.0049
2016-11-28,47.08,0.0048
2016-11-29,45.23,0.0048
2016-11-30,49.44,0.0048
2016-12-01,51.06,0.0048
2016-12-02,51.68,0.0049
2016-12-05,51.79,0.0049
2016-12-06,50.93,0.0049
2016-12-07,49.77,0.0052
2016-12-08,50.84,0.0051
2016-12-09,51.5,0.0054
2016-12-12,52.83,0.0051
2016-12-13,52.98,0.0054
2016-12-14,51.04,0.0055000000000000005
2016-12-15,50.9,0.0051
2016-12-16,51.9,0.0051
2016-12-19,52.12,0.0052
2016-12-20,52.23,0.0052
2016-12-21,52.49,0.0052
2016-12-22,52.95,0.0051
2016-12-23,53.02,0.0052
2016-12-27,53.9,0.0051
2016-12-28,54.06,0.0053
2016-12-29,53.77,0.004699999999999999
2016-12-30,53.72,0.0051
2017-01-03,52.33,0.0053
2017-01-04,53.26,0.0053
2017-01-05,53.76,0.0052
2017-01-06,53.99,0.0053
2017-01-09,51.96,0.005
2017-01-10,50.82,0.0052
2017-01-11,52.25,0.0052
2017-01-12,53.01,0.0052
2017-01-13,52.37,0.0053
2017-01-17,52.48,0.0055000000000000005
2017-01-18,51.08,0.0053
2017-01-19,51.37,0.0052
2017-01-20,52.42,0.005
2017-01-23,52.75,0.0051
2017-01-24,53.18,0.0051
2017-01-25,52.75,0.005
2017-01-26,53.78,0.0051
2017-01-27,53.17,0.0052
2017-01-30,52.63,0.0051
2017-01-31,52.81,0.0052
2017-02-01,53.88,0.0051
2017-02-02,53.54,0.0052
2017-02-03,53.83,0.0051
2017-02-06,53.01,0.0053
2017-02-07,52.17,0.0053
2017-02-08,52.34,0.0054
2017-02-09,53.0,0.0054
2017-02-10,53.86,0.0055000000000000005
2017-02-13,52.93,0.0052
2017-02-14,53.2,0.0054
2017-02-15,53.11,0.0054
2017-02-16,53.36,0.0053
2017-02-17,53.4,0.0053
2017-02-21,54.06,0.0053
2017-02-22,53.59,0.0052
2017-02-23,54.45,0.0051
2017-02-24,53.99,0.0052
2017-02-27,54.05,0.005
2017-02-28,54.01,0.0053
2017-03-01,53.83,0.0063
2017-03-02,52.61,0.0067
2017-03-03,53.33,0.0070999999999999995
2017-03-06,53.2,0.0074
2017-03-07,53.14,0.0076
2017-03-08,50.28,0.0073
2017-03-09,49.28,0.0073
2017-03-10,48.49,0.0075
2017-03-13,48.4,0.0079
2017-03-14,47.72,0.0078000000000000005
2017-03-15,48.86,0.0073
2017-03-16,48.75,0.0073
2017-03-17,48.78,0.0073
2017-03-20,48.22,0.0076
2017-03-21,47.34,0.0077
2017-03-22,48.04,0.0077
2017-03-23,47.7,0.0076
2017-03-24,47.97,0.0078000000000000005
2017-03-27,47.73,0.0078000000000000005
2017-03-28,48.37,0.0078000000000000005
2017-03-29,49.51,0.0078000000000000005
2017-03-30,50.35,0.0078000000000000005
2017-03-31,50.6,0.0076
2017-04-03,50.24,0.0079
2017-04-04,51.03,0.0079
2017-04-05,51.15,0.008
2017-04-06,51.7,0.0079
2017-04-07,52.24,0.008199999999999999
2017-04-10,53.08,0.008199999999999999
2017-04-11,53.4,0.008199999999999999
2017-04-12,53.11,0.008100000000000001
2017-04-13,53.18,0.008100000000000001
2017-04-17,52.65,0.0083
2017-04-18,52.41,0.008199999999999999
2017-04-19,50.44,0.008100000000000001
2017-04-20,50.27,0.0079
2017-04-21,49.62,0.0079
2017-04-24,49.23,0.008100000000000001
2017-04-25,49.56,0.008199999999999999
2017-04-26,49.62,0.0083
2017-04-27,48.97,0.008100000000000001
2017-04-28,49.33,0.008
2017-05-01,48.84,0.0083
2017-05-02,47.66,0.008199999999999999
2017-05-03,47.82,0.0085
2017-05-04,45.52,0.0086
2017-05-05,46.22,0.009000000000000001
2017-05-08,46.43,0.0091
2017-05-09,45.88,0.0091
2017-05-10,47.33,0.009000000000000001
2017-05-11,47.83,0.0089
2017-05-12,47.84,0.0088
2017-05-15,48.85,0.009000000000000001
2017-05-16,48.66,0.009000000000000001
2017-05-17,49.07,0.009000000000000001
2017-05-18,49.35,0.009300000000000001
2017-05-19,50.33,0.0092
2017-05-22,50.73,0.009300000000000001
2017-05-23,51.47,0.0092
2017-05-24,51.36,0.009300000000000001
2017-05-25,48.9,0.009399999999999999
2017-05-26,49.8,0.009399999999999999
2017-05-30,49.66,0.009300000000000001
2017-05-31,48.32,0.0098
2017-06-01,48.36,0.0098
2017-06-02,47.66,0.0098
2017-06-05,47.4,0.0096
2017-06-06,48.19,0.0097
2017-06-07,45.72,0.01
2017-06-08,45.64,0.0101
2017-06-09,45.83,0.0101
2017-06-12,46.08,0.0098
2017-06-13,46.46,0.01
2017-06-14,44.73,0.0101
2017-06-15,44.46,0.0102
2017-06-16,44.74,0.0103
2017-06-19,44.2,0.0102
2017-06-20,43.23,0.0101
2017-06-21,42.53,0.009899999999999999
2017-06-22,42.74,0.0096
2017-06-23,43.01,0.0097
2017-06-26,43.38,0.009899999999999999
2017-06-27,44.24,0.01
2017-06-28,44.74,0.0102
2017-06-29,44.93,0.0104
2017-06-30,46.04,0.0103
2017-07-03,47.07,0.0106
2017-07-05,45.13,0.0105
2017-07-06,45.52,0.0104
2017-07-07,44.23,0.0105
2017-07-10,44.4,0.0104
2017-07-11,45.04,0.0105
2017-07-12,45.49,0.0105
2017-07-13,46.08,0.0105
2017-07-14,46.54,0.0104
2017-07-17,46.02,0.010700000000000001
2017-07-18,46.4,0.010700000000000001
2017-07-19,47.12,0.0111
2017-07-20,46.79,0.0115
2017-07-21,45.77,0.0116
2017-07-24,46.34,0.011699999999999999
2017-07-25,47.89,0.0118
2017-07-26,48.75,0.0113
2017-07-27,49.04,0.0111
2017-07-28,49.71,0.0108
2017-07-31,50.17,0.010700000000000001
2017-08-01,49.16,0.0108
2017-08-02,49.59,0.0108
2017-08-03,49.03,0.0108
2017-08-04,49.58,0.0108
2017-08-07,49.39,0.0102
2017-08-08,49.17,0.0106
2017-08-09,49.56,0.0106
2017-08-10,48.59,0.0105
2017-08-11,48.82,0.0103
2017-08-14,47.59,0.0102
2017-08-15,47.55,0.0104
2017-08-16,46.78,0.0102
2017-08-17,47.09,0.01
2017-08-18,48.51,0.0102
2017-08-21,47.37,0.01
2017-08-22,47.64,0.01
2017-08-23,48.41,0.01
2017-08-24,47.43,0.0102
2017-08-25,47.87,0.0103
2017-08-28,46.57,0.0098
2017-08-29,46.44,0.0103
2017-08-30,45.96,0.0103
2017-08-31,47.23,0.0101
2017-09-01,47.29,0.0102
2017-09-05,48.66,0.0103
2017-09-06,49.16,0.010700000000000001
2017-09-07,49.09,0.0105
2017-09-08,47.48,0.0104
2017-09-11,48.07,0.0105
2017-09-12,48.23,0.0103
2017-09-13,49.3,0.0104
2017-09-14,49.89,0.0105
2017-09-15,49.89,0.0105
2017-09-18,49.91,0.0105
2017-09-19,49.48,0.0104
2017-09-20,50.41,0.0104
2017-09-21,50.55,0.0104
2017-09-22,50.66,0.0103
2017-09-25,52.22,0.0105
2017-09-26,51.88,0.0106
2017-09-27,52.14,0.010700000000000001
2017-09-28,51.56,0.0106
2017-09-29,51.67,0.0106
2017-10-02,50.58,0.0101
2017-10-03,50.42,0.010700000000000001
2017-10-04,49.98,0.0108
2017-10-05,50.79,0.010700000000000001
2017-10-06,49.29,0.010700000000000001
2017-10-09,49.58,0.010700000000000001
2017-10-10,50.92,0.0108
2017-10-11,51.3,0.011000000000000001
2017-10-12,50.6,0.0109
2017-10-13,51.45,0.0109
2017-10-16,51.87,0.011000000000000001
2017-10-17,51.88,0.0109
2017-10-18,52.04,0.0109
2017-10-19,51.29,0.011000000000000001
2017-10-20,51.47,0.0111
2017-10-23,51.9,0.0109
2017-10-24,52.47,0.011200000000000002
2017-10-25,52.18,0.011200000000000002
2017-10-26,52.64,0.0111
2017-10-27,53.9,0.011000000000000001
2017-10-30,54.15,0.011200000000000002
2017-10-31,54.38,0.0115
2017-11-01,54.3,0.0118
2017-11-02,54.54,0.011699999999999999
2017-11-03,55.64,0.0118
2017-11-06,57.35,0.011899999999999999
2017-11-07,57.2,0.012199999999999999
2017-11-08,56.81,0.0123
2017-11-09,57.17,0.0124
2017-11-10,56.74,0.0123
2017-11-13,56.76,0.0124
2017-11-14,55.7,0.0126
2017-11-15,55.33,0.0125
2017-11-16,55.14,0.0127
2017-11-17,56.55,0.0129
2017-11-20,56.09,0.013000000000000001
2017-11-21,56.83,0.013000000000000001
2017-11-22,58.02,0.0129
2017-11-24,58.95,0.0129
2017-11-27,58.11,0.0127
2017-11-28,57.99,0.013000000000000001
2017-11-29,57.3,0.0129
2017-11-30,57.4,0.0127
2017-12-01,58.36,0.0127
2017-12-04,57.47,0.0129
2017-12-05,57.62,0.013000000000000001
2017-12-06,55.96,0.013000000000000001
2017-12-07,56.69,0.0129
2017-12-08,57.36,0.0128
2017-12-11,57.99,0.013300000000000001
2017-12-12,57.14,0.0134
2017-12-13,56.6,0.013000000000000001
2017-12-14,57.04,0.0132
2017-12-15,57.3,0.0131
2017-12-18,57.16,0.0138
2017-12-19,57.46,0.0137
2017-12-20,58.09,0.0138
2017-12-21,58.36,0.013500000000000002
2017-12-22,58.47,0.013300000000000001
2017-12-26,59.97,0.0147
2017-12-27,59.64,0.0144
2017-12-28,59.84,0.0139
2017-12-29,60.42,0.0139
2018-01-02,60.37,0.0144
2018-01-03,61.63,0.0141
2018-01-04,62.01,0.0141
2018-01-05,61.44,0.0139
2018-01-08,61.73,0.014499999999999999
2018-01-09,62.96,0.0144
2018-01-10,63.57,0.014199999999999999
2018-01-11,63.8,0.0143
2018-01-12,64.3,0.0143
2018-01-16,63.73,0.014499999999999999
2018-01-17,63.97,0.0144
2018-01-18,63.95,0.014499999999999999
2018-01-19,63.37,0.0144
2018-01-22,63.49,0.0144
2018-01-23,64.47,0.0144
2018-01-24,65.61,0.0143
2018-01-25,65.51,0.014199999999999999
2018-01-26,66.14,0.0141
2018-01-29,65.56,0.0144
2018-01-30,64.5,0.0144
2018-01-31,64.73,0.0146
2018-02-01,65.8,0.0148
2018-02-02,65.45,0.0148
2018-02-05,64.15,0.0151
2018-02-06,63.39,0.0152
2018-02-07,61.79,0.0155
2018-02-08,61.15,0.0155
2018-02-09,59.2,0.0155
2018-02-12,59.29,0.016200000000000003
2018-02-13,59.19,0.0159
2018-02-14,60.6,0.0158
2018-02-15,61.34,0.0158
2018-02-16,61.68,0.016200000000000003
2018-02-20,61.9,0.0166
2018-02-21,61.68,0.016399999999999998
2018-02-22,62.77,0.0163
2018-02-23,63.55,0.016399999999999998
2018-02-26,63.91,0.0166
2018-02-27,63.01,0.0166
2018-02-28,61.64,0.0165
2018-03-01,60.99,0.0163
2018-03-02,61.25,0.0165
2018-03-05,62.57,0.017
2018-03-06,62.6,0.0168
2018-03-07,61.15,0.0168
2018-03-08,60.12,0.0167
2018-03-09,62.04,0.0167
2018-03-12,61.36,0.0171
2018-03-13,60.71,0.0173
2018-03-14,60.96,0.0176
2018-03-15,61.19,0.0177
2018-03-16,62.34,0.0178
2018-03-19,62.06,0.018000000000000002
2018-03-20,63.4,0.0181
2018-03-21,65.17,0.0174
2018-03-22,64.3,0.0172
2018-03-23,65.88,0.0174
2018-03-26,65.55,0.0179
2018-03-27,65.25,0.0177
2018-03-28,64.38,0.0173
2018-03-29,64.94,0.0173
2018-04-02,63.01,0.0177
2018-04-03,63.51,0.0175
2018-04-04,63.37,0.0171
2018-04-05,63.54,0.0172
2018-04-06,62.06,0.0173
2018-04-09,63.42,0.0176
2018-04-10,65.51,0.0174
2018-04-11,66.82,0.0173
2018-04-12,67.07,0.0175
2018-04-13,67.39,0.0176
2018-04-16,66.22,0.0179
2018-04-17,66.52,0.018000000000000002
2018-04-18,68.47,0.0181
2018-04-19,68.29,0.0182
2018-04-20,68.38,0.0181
2018-04-23,68.64,0.0187
2018-04-24,67.7,0.0187
2018-04-25,68.05,0.018500000000000003
2018-04-26,68.19,0.0182
2018-04-27,68.1,0.0182
2018-04-30,68.57,0.0187
2018-05-01,67.25,0.018500000000000003
2018-05-02,67.93,0.0184
2018-05-03,68.43,0.0184
2018-05-04,69.72,0.0184
2018-05-07,70.73,0.018600000000000002
2018-05-08,69.06,0.0187
2018-05-09,71.14,0.018799999999999997
2018-05-10,71.36,0.019
2018-05-11,70.7,0.0192
2018-05-14,70.96,0.019299999999999998
2018-05-15,71.31,0.0192
2018-05-16,71.49,0.0192
2018-05-17,71.49,0.0192
2018-05-18,71.28,0.0191
2018-05-21,72.24,0.019299999999999998
2018-05-22,72.13,0.019299999999999998
2018-05-23,71.84,0.0192
2018-05-24,70.71,0.0191
2018-05-25,67.88,0.019
2018-05-29,66.73,0.019299999999999998
2018-05-30,68.21,0.0194
2018-05-31,67.04,0.019299999999999998
2018-06-01,65.81,0.0192
2018-06-04,64.75,0.0194
2018-06-05,65.52,0.0194
2018-06-06,64.73,0.0195
2018-06-07,65.95,0.0194
2018-06-08,65.74,0.019299999999999998
2018-06-11,66.1,0.0194
2018-06-12,66.36,0.0192
2018-06-13,66.64,0.0194
2018-06-14,66.89,0.0194
2018-06-15,65.06,0.0194
2018-06-18,65.85,0.0194
2018-06-19,65.07,0.0194
2018-06-20,66.22,0.0194
2018-06-21,65.54,0.0194
2018-06-22,68.58,0.019299999999999998
2018-06-25,68.08,0.019299999999999998
2018-06-26,70.53,0.019299999999999998
2018-06-27,72.76,0.019299999999999998
2018-06-28,73.45,0.019299999999999998
2018-06-29,74.15,0.019299999999999998
2018-07-02,73.94,0.019799999999999998
2018-07-03,74.14,0.019799999999999998
2018-07-05,72.94,0.0196
2018-07-06,73.8,0.0197
2018-07-09,73.85,0.019799999999999998
2018-07-10,74.11,0.0199
2018-07-11,70.38,0.0197
2018-07-12,70.33,0.019799999999999998
2018-07-13,71.01,0.019799999999999998
2018-07-16,68.06,0.020099999999999996
2018-07-17,68.08,0.0202
2018-07-18,68.76,0.02
2018-07-19,69.46,0.02
2018-07-20,70.46,0.0199
2018-07-23,67.89,0.0199
2018-07-24,68.52,0.0202
2018-07-25,69.3,0.020099999999999996
2018-07-26,69.61,0.0199
2018-07-27,68.69,0.02
2018-07-30,70.13,0.0204
2018-07-31,68.76,0.0203
2018-08-01,67.66,0.0203
2018-08-02,68.96,0.0202
2018-08-03,68.49,0.020099999999999996
2018-08-06,69.01,0.020499999999999997
2018-08-07,69.17,0.0206
2018-08-08,66.94,0.0206
2018-08-09,66.81,0.0206
2018-08-10,67.63,0.020499999999999997
2018-08-13,67.2,0.0206
2018-08-14,67.04,0.0208
2018-08-15,65.01,0.0207
2018-08-16,65.46,0.0207
2018-08-17,65.91,0.020499999999999997
2018-08-20,66.43,0.0206
2018-08-21,67.35,0.0208
2018-08-22,67.86,0.0209
2018-08-23,67.83,0.0208
2018-08-24,68.72,0.0209
2018-08-27,68.87,0.0212
2018-08-28,68.53,0.0213
2018-08-29,69.51,0.0213
2018-08-30,70.25,0.021099999999999997
2018-08-31,69.8,0.021099999999999997
2018-09-04,69.87,0.0213
2018-09-05,68.72,0.021400000000000002
2018-09-06,67.77,0.0213
2018-09-07,67.75,0.021400000000000002
2018-09-10,67.54,0.021400000000000002
2018-09-11,69.25,0.0215
2018-09-12,70.37,0.0216
2018-09-13,68.59,0.0215
2018-09-14,68.99,0.0216
2018-09-17,68.91,0.0216
2018-09-18,69.85,0.0217
2018-09-19,71.12,0.0216
2018-09-20,70.8,0.0217
2018-09-21,70.78,0.0218
2018-09-24,72.08,0.0222
2018-09-25,72.28,0.022099999999999998
2018-09-26,71.57,0.022000000000000002
2018-09-27,72.12,0.0218
2018-09-28,73.25,0.0219
2018-10-01,75.3,0.0223
2018-10-02,75.23,0.0223
2018-10-03,76.41,0.0223
2018-10-04,74.33,0.0222
2018-10-05,74.34,0.0223
2018-10-08,74.29,0.0223
2018-10-09,74.96,0.0225
2018-10-10,73.17,0.0227
2018-10-11,70.97,0.0227
2018-10-12,71.34,0.022799999999999997
2018-10-15,71.78,0.0231
2018-10-16,71.92,0.023
2018-10-17,69.75,0.0231
2018-10-18,68.65,0.0232
2018-10-19,69.12,0.0231
2018-10-22,69.17,0.023399999999999997
2018-10-23,66.43,0.0233
2018-10-24,66.82,0.023399999999999997
2018-10-25,67.33,0.023399999999999997
2018-10-26,67.59,0.0233
2018-10-29,67.04,0.023399999999999997
2018-10-30,66.18,0.0233
2018-10-31,65.31,0.023399999999999997
2018-11-01,63.69,0.0232
2018-11-02,63.14,0.0233
2018-11-05,63.1,0.0236
2018-11-06,62.21,0.0235
2018-11-07,61.67,0.023700000000000002
2018-11-08,60.67,0.0235
2018-11-09,60.19,0.0236
2018-11-12,59.93,0.0236
2018-11-13,55.69,0.023799999999999998
2018-11-14,56.25,0.023799999999999998
2018-11-15,56.46,0.023700000000000002
2018-11-16,56.46,0.0236
2018-11-19,56.76,0.023799999999999998
2018-11-20,53.43,0.0239
2018-11-21,54.63,0.0241
2018-11-23,50.42,0.0241
2018-11-26,51.63,0.0241
2018-11-27,51.56,0.0241
2018-11-28,50.29,0.024
2018-11-29,51.45,0.023700000000000002
2018-11-30,50.93,0.023700000000000002
2018-12-03,52.95,0.023799999999999998
2018-12-04,53.25,0.0242
2018-12-05,52.89,0.0242
2018-12-06,51.49,0.0241
2018-12-07,52.61,0.024
2018-12-10,51.0,0.0241
2018-12-11,51.65,0.0241
2018-12-12,51.15,0.024300000000000002
2018-12-13,52.58,0.024300000000000002
2018-12-14,51.2,0.0242
2018-12-17,49.88,0.024
2018-12-18,46.24,0.0239
2018-12-19,47.2,0.024
2018-12-20,45.88,0.0239
2018-12-21,45.59,0.0239
2018-12-24,42.53,0.0245
2018-12-26,46.22,0.024399999999999998
2018-12-27,44.61,0.0241
2018-12-28,45.33,0.024
2018-12-31,45.41,0.0245
2019-01-02,46.54,0.0242
2019-01-03,47.09,0.0241
2019-01-04,47.96,0.0242
2019-01-07,48.52,0.0245
2019-01-08,49.78,0.0246
2019-01-09,52.36,0.0245
2019-01-10,52.59,0.024300000000000002
2019-01-11,51.59,0.024300000000000002
2019-01-14,50.51,0.0245
2019-01-15,52.11,0.0245
2019-01-16,52.31,0.024300000000000002
2019-01-17,52.07,0.0242
2019-01-18,53.8,0.0241
2019-01-22,52.57,0.024300000000000002
2019-01-23,52.62,0.0241
2019-01-24,53.13,0.023700000000000002
2019-01-25,53.69,0.0239
2019-01-28,51.99,0.0242
2019-01-29,53.31,0.0242
2019-01-30,54.23,0.0242
2019-01-31,53.79,0.0241
2019-02-01,55.26,0.024
2019-02-04,54.56,0.0242
2019-02-05,53.66,0.0242
2019-02-06,54.01,0.0242
2019-02-07,52.64,0.0242
2019-02-08,52.72,0.024300000000000002
2019-02-11,52.41,0.0245
2019-02-12,53.1,0.024300000000000002
2019-02-13,53.9,0.024399999999999998
2019-02-14,54.41,0.024300000000000002
2019-02-15,55.59,0.024300000000000002
2019-02-19,56.09,0.0245
2019-02-20,56.92,0.0245
2019-02-21,56.96,0.0245
2019-02-22,57.26,0.0246
2019-02-25,55.48,0.024700000000000003
2019-02-26,55.5,0.0245
2019-02-27,56.94,0.0245
2019-02-28,57.22,0.0245
2019-03-01,55.8,0.024399999999999998
2019-03-04,56.59,0.0246
2019-03-05,56.56,0.0246
2019-03-06,56.22,0.024700000000000003
2019-03-07,56.66,0.0245
2019-03-08,56.07,0.0246
2019-03-11,56.79,0.0246
2019-03-12,56.87,0.0246
2019-03-13,58.26,0.0245
2019-03-14,58.61,0.0245
2019-03-15,58.52,0.0245
2019-03-18,59.09,0.024399999999999998
2019-03-19,59.03,0.0246
2019-03-20,59.83,0.0248
2019-03-21,59.98,0.024900000000000002
2019-03-22,59.04,0.0246
2019-03-25,58.82,0.0246
2019-03-26,59.94,0.0246
2019-03-27,59.41,0.024399999999999998
2019-03-28,59.3,0.024300000000000002
2019-03-29,60.14,0.024
2019-04-01,61.59,0.024300000000000002
2019-04-02,62.58,0.0242
2019-04-03,62.46,0.024399999999999998
2019-04-04,62.1,0.024399999999999998
2019-04-05,63.08,0.024399999999999998
2019-04-08,64.4,0.024300000000000002
2019-04-09,63.98,0.0242
2019-04-10,64.61,0.024300000000000002
2019-04-11,63.58,0.024300000000000002
2019-04-12,63.89,0.024399999999999998
2019-04-15,63.4,0.024300000000000002
2019-04-16,64.05,0.024300000000000002
2019-04-17,63.76,0.024399999999999998
2019-04-18,64.0,0.0242
2019-04-22,65.7,0.024399999999999998
2019-04-23,66.3,0.0245
2019-04-24,65.89,0.024399999999999998
2019-04-25,65.21,0.024300000000000002
2019-04-26,63.3,0.0242
2019-04-29,63.5,0.024399999999999998
2019-04-30,63.91,0.024300000000000002
2019-05-01,63.6,0.024300000000000002
2019-05-02,61.81,0.024700000000000003
2019-05-03,61.94,0.024300000000000002
2019-05-06,62.25,0.024399999999999998
2019-05-07,61.4,0.024300000000000002
2019-05-08,62.12,0.024300000000000002
2019-05-09,61.7,0.024300000000000002
2019-05-10,61.66,0.024300000000000002
2019-05-13,61.04,0.0241
2019-05-14,61.78,0.0241
2019-05-15,62.02,0.0242
2019-05-16,62.87,0.024
2019-05-17,62.76,0.0239
2019-05-20,63.1,0.0239
2019-05-21,62.99,0.0239
2019-05-22,61.42,0.023799999999999998
2019-05-23,57.91,0.023700000000000002
2019-05-24,58.63,0.0235
2019-05-28,59.14,0.023700000000000002
2019-05-29,58.81,0.023700000000000002
2019-05-30,56.59,0.023799999999999998
2019-05-31,53.5,0.0235
2019-06-03,53.25,0.0235
2019-06-04,53.48,0.0235
2019-06-05,51.68,0.0235
2019-06-06,52.59,0.0233
2019-06-07,53.99,0.022799999999999997
2019-06-10,53.26,0.0229
2019-06-11,53.27,0.0227
2019-06-12,51.14,0.022400000000000003
2019-06-13,52.28,0.0219
2019-06-14,52.51,0.022000000000000002
2019-06-17,51.93,0.0223
2019-06-18,53.9,0.0222
2019-06-19,53.76,0.0218
2019-06-20,56.65,0.021400000000000002
2019-06-21,57.43,0.021099999999999997
2019-06-24,57.9,0.0213
2019-06-25,57.83,0.0212
2019-06-26,59.38,0.0215
2019-06-27,59.43,0.021400000000000002
2019-06-28,58.47,0.0212
2019-07-01,59.09,0.022099999999999998
2019-07-02,56.25,0.022000000000000002
2019-07-03,57.34,0.022099999999999998
2019-07-05,57.51,0.0223
2019-07-08,57.66,0.0226
2019-07-09,57.83,0.0226
2019-07-10,60.43,0.022000000000000002
2019-07-11,60.2,0.0217
2019-07-12,60.21,0.021400000000000002
2019-07-15,59.58,0.0216
2019-07-16,57.62,0.0215
2019-07-17,56.78,0.021400000000000002
2019-07-18,55.3,0.020499999999999997
2019-07-19,55.63,0.0206
2019-07-22,56.22,0.0209
2019-07-23,56.77,0.0206
2019-07-24,55.88,0.021
2019-07-25,56.02,0.021
2019-07-26,56.2,0.0212
2019-07-29,56.87,0.0212
2019-07-30,58.05,0.0208
2019-07-31,58.58,0.0208
2019-08-01,53.95,0.0207
2019-08-02,55.66,0.0206
2019-08-05,54.69,0.020499999999999997
2019-08-06,53.63,0.020499999999999997
2019-08-07,51.09,0.0202
2019-08-08,52.54,0.0202
2019-08-09,54.5,0.02
2019-08-12,54.93,0.02
2019-08-13,57.1,0.02
2019-08-14,55.23,0.0196
2019-08-15,54.47,0.0191
2019-08-16,54.87,0.0187
2019-08-19,56.21,0.0194
2019-08-20,56.34,0.0194
2019-08-21,55.68,0.0197
2019-08-22,55.35,0.02
2019-08-23,54.17,0.0197
2019-08-26,53.64,0.020099999999999996
2019-08-27,54.93,0.019799999999999998
2019-08-28,55.78,0.0199
2019-08-29,56.71,0.0199
2019-08-30,55.1,0.0199
2019-09-03,53.94,0.019799999999999998
2019-09-04,56.26,0.0197
2019-09-05,56.3,0.0197
2019-09-06,56.52,0.0196
2019-09-09,57.85,0.0196
2019-09-10,57.4,0.0195
2019-09-11,55.75,0.0196
2019-09-12,55.09,0.0195
2019-09-13,54.85,0.0196
2019-09-16,62.9,0.0199
2019-09-17,59.34,0.0199
2019-09-18,58.11,0.0195
2019-09-19,58.13,0.019299999999999998
2019-09-20,58.09,0.0191
2019-09-23,58.64,0.0194
2019-09-24,57.29,0.0192
2019-09-25,56.49,0.0189
2019-09-26,56.41,0.0183
2019-09-27,55.91,0.018000000000000002
2019-09-30,54.07,0.018799999999999997
2019-10-01,53.62,0.0182
2019-10-02,52.64,0.0179
2019-10-03,52.45,0.017
2019-10-04,52.81,0.0171
2019-10-07,52.75,0.0175
2019-10-08,52.63,0.0172
2019-10-09,52.59,0.0169
2019-10-10,53.55,0.0168
2019-10-11,54.7,0.0168
2019-10-14,53.59,0.0168
2019-10-15,52.81,0.0167
2019-10-16,53.36,0.0166
2019-10-17,53.93,0.0166
2019-10-18,53.78,0.0166
2019-10-21,53.31,0.0167
2019-10-22,54.16,0.0165
2019-10-23,55.97,0.0165
2019-10-24,56.23,0.0167
2019-10-25,56.66,0.0166
2019-10-28,55.81,0.0165
2019-10-29,55.54,0.0163
2019-10-30,55.06,0.016200000000000003
2019-10-31,54.18,0.0154
2019-11-01,56.2,0.0152
2019-11-04,56.54,0.015300000000000001
2019-11-05,57.23,0.015600000000000001
2019-11-06,56.35,0.015600000000000001
2019-11-07,57.15,0.015600000000000001
2019-11-08,57.24,0.0155
2019-11-11,56.86,0.0155
2019-11-12,56.8,0.0159
2019-11-13,57.12,0.015700000000000002
2019-11-14,56.77,0.015700000000000002
2019-11-15,57.72,0.015700000000000002
2019-11-18,57.05,0.015700000000000002
2019-11-19,55.21,0.015700000000000002
2019-11-20,57.11,0.015700000000000002
2019-11-21,58.58,0.0158
2019-11-22,57.77,0.0158
2019-11-25,58.01,0.0161
2019-11-26,58.41,0.016
2019-11-27,58.11,0.016200000000000003
2019-11-29,55.17,0.0159
2019-12-02,55.96,0.016
2019-12-03,56.1,0.015700000000000002
2019-12-04,58.43,0.0155
2019-12-05,58.43,0.0154
2019-12-06,59.2,0.015300000000000001
2019-12-09,59.02,0.0154
2019-12-10,59.24,0.015600000000000001
2019-12-11,58.76,0.015700000000000002
2019-12-12,59.18,0.015600000000000001
2019-12-13,60.07,0.015700000000000002
2019-12-16,60.21,0.015700000000000002
2019-12-17,60.94,0.015600000000000001
2019-12-18,60.93,0.015600000000000001
2019-12-19,61.22,0.015700000000000002
2019-12-20,60.44,0.0158
2019-12-23,60.52,0.0159
2019-12-24,61.11,0.0158
2019-12-26,61.68,0.0158
2019-12-27,61.72,0.015700000000000002
2019-12-30,61.68,0.015700000000000002
2019-12-31,61.06,0.0155
2020-01-02,61.18,0.0154
2020-01-03,63.05,0.0152
2020-01-06,63.27,0.015600000000000001
2020-01-07,62.7,0.0154
2020-01-08,59.61,0.0154
2020-01-09,59.56,0.0154
2020-01-10,59.04,0.0154
2020-01-13,58.08,0.015700000000000002
2020-01-14,58.23,0.015700000000000002
2020-01-15,57.81,0.015700000000000002
2020-01-16,58.52,0.0155
2020-01-17,58.54,0.015600000000000001
2020-01-21,58.34,0.015600000000000001
2020-01-22,56.74,0.0155
2020-01-23,55.59,0.0155
2020-01-24,54.19,0.0154
2020-01-27,53.14,0.0155
2020-01-28,53.48,0.015700000000000002
2020-01-29,53.33,0.015600000000000001
2020-01-30,52.14,0.015700000000000002
2020-01-31,51.56,0.0155
2020-02-03,50.11,0.015700000000000002
2020-02-04,49.61,0.015700000000000002
2020-02-05,50.75,0.015700000000000002
2020-02-06,50.95,0.015700000000000002
2020-02-07,50.32,0.015600000000000001
2020-02-10,49.57,0.0158
2020-02-11,49.94,0.015700000000000002
2020-02-12,51.17,0.0158
2020-02-13,51.42,0.0159
2020-02-14,52.05,0.0158
2020-02-18,52.05,0.0158
2020-02-19,53.29,0.0158
2020-02-20,53.78,0.0158
2020-02-21,53.38,0.015600000000000001
2020-02-24,51.43,0.015300000000000001
2020-02-25,49.9,0.015300000000000001
2020-02-26,48.73,0.015300000000000001
2020-02-27,47.09,0.014499999999999999
2020-02-28,44.76,0.0127
2020-03-02,46.75,0.0113
2020-03-03,47.18,0.0095
2020-03-04,46.78,0.0072
2020-03-05,45.9,0.0062
2020-03-06,41.28,0.0045000000000000005
2020-03-09,31.13,0.0033
2020-03-10,34.36,0.0044
2020-03-11,32.98,0.0042
2020-03-12,31.5,0.0033
2020-03-13,31.73,0.0028000000000000004
2020-03-16,28.7,0.0024
2020-03-17,26.95,0.0019
2020-03-18,20.37,0.0002
2020-03-19,25.22,0.0004
2020-03-20,22.43,0.0005
2020-03-23,23.36,0.0002
2020-03-24,24.01,0.0001
2020-03-25,24.49,0.0
2020-03-26,22.6,0.0
2020-03-27,21.51,0.0003
2020-03-30,20.09,0.0012
2020-03-31,20.48,0.0011
2020-04-01,20.31,0.0009
2020-04-02,25.32,0.0009
2020-04-03,28.34,0.001
2020-04-06,26.08,0.0015
2020-04-07,23.63,0.0014000000000000002
2020-04-08,25.09,0.0022
2020-04-09,22.76,0.0025
2020-04-13,22.41,0.0026
2020-04-14,20.11,0.002
2020-04-15,19.87,0.0014000000000000002
2020-04-16,19.87,0.0014000000000000002
2020-04-17,18.27,0.0012
2020-04-21,10.01,0.0011
2020-04-22,13.78,0.0012
2020-04-23,16.5,0.0011
2020-04-24,16.94,0.0012
2020-04-27,12.78,0.0012
2020-04-28,12.34,0.0011
2020-04-29,15.06,0.001
2020-04-30,18.84,0.0009
2020-05-01,19.78,0.0012
2020-05-04,20.39,0.0013
2020-05-05,24.56,0.0013
2020-05-06,23.99,0.0012
2020-05-07,23.55,0.0011
2020-05-08,24.74,0.0012
2020-05-11,24.14,0.0012
2020-05-12,25.78,0.0013
2020-05-13,25.29,0.0013
2020-05-14,27.56,0.0012
2020-05-15,29.43,0.0012
2020-05-18,31.82,0.0013
2020-05-19,32.5,0.0013
2020-05-20,33.49,0.0012
2020-05-21,33.92,0.0012
2020-05-22,33.25,0.0012
2020-05-26,34.35,0.0014000000000000002
2020-05-27,32.81,0.0015
2020-05-28,33.71,0.0015
2020-05-29,35.49,0.0014000000000000002
2020-06-01,35.44,0.0014000000000000002
2020-06-02,36.81,0.0015
2020-06-03,37.29,0.0016
2020-06-04,37.41,0.0015
2020-06-05,39.55,0.0015
2020-06-08,38.19,0.0017000000000000001
2020-06-09,38.94,0.0019
2020-06-10,39.6,0.0017000000000000001
2020-06-11,36.34,0.0017000000000000001
2020-06-12,36.26,0.0016
2020-06-15,37.12,0.0018
2020-06-16,38.38,0.0017000000000000001
2020-06-17,37.96,0.0017000000000000001
2020-06-18,38.84,0.0016
2020-06-19,39.75,0.0015
2020-06-22,40.46,0.0016
2020-06-23,40.37,0.0016
2020-06-24,38.01,0.0015
2020-06-25,38.72,0.0016
2020-06-26,38.49,0.0014000000000000002
2020-06-29,39.7,0.0014000000000000002
2020-06-30,39.27,0.0016
2020-07-01,39.82,0.0014000000000000002
2020-07-02,40.65,0.0014000000000000002
2020-07-06,40.63,0.0015
2020-07-07,40.62,0.0015
2020-07-08,40.9,0.0015
2020-07-09,39.62,0.0013
2020-07-10,40.55,0.0013
2020-07-13,40.1,0.0014000000000000002
2020-07-14,40.29,0.0015
2020-07-15,41.2,0.0016
2020-07-16,40.75,0.0011
2020-07-17,40.59,0.0011
2020-07-20,40.81,0.0013
2020-07-21,41.96,0.0013
2020-07-22,41.9,0.0013
2020-07-23,41.07,0.0012
2020-07-24,41.29,0.0011
2020-07-27,41.6,0.0011
2020-07-28,41.04,0.0011
2020-07-29,41.27,0.0011
2020-07-30,39.92,0.0009
2020-07-31,40.27,0.0009
2020-08-03,41.01,0.001
2020-08-04,41.7,0.0009
2020-08-05,42.19,0.001
2020-08-06,41.95,0.001
2020-08-07,41.22,0.001
2020-08-10,41.94,0.0011
2020-08-11,41.61,0.0011
2020-08-12,42.67,0.0011
2020-08-13,42.24,0.001
2020-08-14,42.01,0.001
2020-08-17,42.89,0.001
2020-08-18,42.89,0.0009
2020-08-19,42.93,0.0011
2020-08-20,42.58,0.0011
2020-08-21,42.34,0.001
2020-08-24,42.62,0.0012
2020-08-25,43.35,0.0011
2020-08-26,43.39,0.0011
2020-08-27,43.04,0.0011
2020-08-28,42.97,0.001
2020-08-31,42.61,0.0011
2020-09-01,42.76,0.0012
2020-09-02,41.51,0.0012
2020-09-03,41.37,0.0011
2020-09-04,39.77,0.0011
2020-09-08,36.76,0.0013
2020-09-09,38.05,0.0012
2020-09-10,37.3,0.0012
2020-09-11,37.33,0.0011
2020-09-14,37.26,0.0011
2020-09-15,38.28,0.0011
2020-09-16,40.16,0.0012
2020-09-17,40.97,0.0009
2020-09-18,41.11,0.001
2020-09-21,39.31,0.001
2020-09-22,39.6,0.001
2020-09-23,39.93,0.0011
2020-09-24,40.31,0.001
2020-09-25,40.25,0.001
2020-09-28,40.6,0.0011
2020-09-29,39.29,0.0009
2020-09-30,40.22,0.001
2020-10-01,38.72,0.0009
2020-10-02,37.05,0.0009
2020-10-05,39.22,0.001
2020-10-06,40.67,0.001
2020-10-07,39.95,0.001
2020-10-08,41.19,0.0009
2020-10-09,40.6,0.001
2020-10-12,39.43,0.001
2020-10-13,40.2,0.0011
2020-10-14,41.04,0.0012
2020-10-15,40.96,0.0011
2020-10-16,40.88,0.0011
2020-10-19,40.83,0.0011
2020-10-20,41.46,0.001
2020-10-21,40.03,0.001
2020-10-22,40.64,0.0009
2020-10-23,39.85,0.001
2020-10-26,38.56,0.0011
2020-10-27,39.57,0.001
2020-10-28,37.39,0.001
2020-10-29,36.17,0.0009
2020-10-30,35.79,0.0009
2020-11-02,36.81,0.0009
2020-11-03,37.66,0.001
2020-11-04,39.15,0.001
2020-11-05,38.79,0.001
2020-11-06,37.14,0.001
2020-11-09,40.29,0.0011
2020-11-10,41.36,0.001
2020-11-11,41.45,0.001
2020-11-12,41.12,0.001
2020-11-13,40.13,0.0009
2020-11-16,41.34,0.0009
2020-11-17,41.43,0.0009
2020-11-18,41.82,0.0009
2020-11-19,41.74,0.0007000000000000001
2020-11-20,42.15,0.0007000000000000001
2020-11-23,43.06,0.0008
2020-11-24,44.91,0.0009
2020-11-25,45.71,0.0009
2020-11-27,45.53,0.0009
2020-11-30,45.34,0.0008
2020-12-01,44.55,0.0009
2020-12-02,45.28,0.0009
2020-12-03,45.64,0.0008
2020-12-04,46.26,0.0009
2020-12-07,45.76,0.0008
2020-12-08,45.6,0.0009
2020-12-09,45.52,0.0008
2020-12-10,46.78,0.0008
2020-12-11,46.57,0.0008
2020-12-14,46.99,0.0009
2020-12-15,47.62,0.0008
2020-12-16,47.82,0.0009
2020-12-17,48.36,0.0008
2020-12-18,49.1,0.0008
2020-12-21,47.74,0.0009
2020-12-22,47.02,0.0009
2020-12-23,48.12,0.0009
2020-12-24,48.23,0.0009
2020-12-28,47.62,0.0011
2020-12-29,48.0,0.001
2020-12-30,48.4,0.0008
2020-12-31,48.52,0.0009
2021-01-04,47.62,0.0009
2021-01-05,49.93,0.0009
2021-01-06,50.63,0.0009
2021-01-07,50.83,0.0009
2021-01-08,52.24,0.0008
2021-01-11,52.25,0.0008
2021-01-12,53.21,0.0009
2021-01-13,52.91,0.0009
2021-01-14,53.57,0.0009
2021-01-15,52.36,0.0009
2021-01-19,52.98,0.0009
2021-01-20,53.24,0.0008
2021-01-21,53.13,0.0009
2021-01-22,52.27,0.0008
2021-01-25,52.77,0.0009
2021-01-26,52.61,0.0007000000000000001
2021-01-27,52.85,0.0008
2021-01-28,52.34,0.0007000000000000001
2021-01-29,52.2,0.0006
2021-02-01,53.55,0.0007000000000000001
2021-02-02,54.76,0.0007000000000000001
2021-02-03,55.69,0.0004
2021-02-04,56.23,0.0004
2021-02-05,56.85,0.0003
2021-02-08,57.97,0.0005
2021-02-09,58.36,0.0004
2021-02-10,58.68,0.0005
2021-02-11,58.24,0.0005
2021-02-12,59.47,0.0004
2021-02-16,60.05,0.0004
2021-02-17,61.14,0.0004
2021-02-18,60.52,0.0003
2021-02-19,59.24,0.0004
2021-02-22,61.49,0.0003
2021-02-23,61.67,0.0004
2021-02-24,63.22,0.0003
2021-02-25,63.53,0.0004
2021-02-26,61.5,0.0004
2021-03-01,60.64,0.0005
2021-03-02,59.75,0.0004
2021-03-03,61.28,0.0005
2021-03-04,63.83,0.0004
2021-03-05,66.09,0.0004
2021-03-08,65.05,0.0005
2021-03-09,64.01,0.0005
2021-03-10,64.44,0.0004
2021-03-11,66.02,0.0004
2021-03-12,65.61,0.0004
2021-03-15,65.39,0.0004
2021-03-16,64.8,0.0002
2021-03-17,64.6,0.0002
2021-03-18,60.0,0.0001
2021-03-19,61.42,0.0001
2021-03-22,61.55,0.0003
2021-03-23,57.76,0.0001
2021-03-24,61.18,0.0002
2021-03-25,58.56,0.0002
2021-03-26,60.97,0.0002
2021-03-29,61.56,0.0003
2021-03-30,60.55,0.0002
2021-03-31,59.16,0.0003
2021-04-01,61.45,0.0002
2021-04-05,58.65,0.0003
2021-04-06,59.33,0.0002
2021-04-07,59.77,0.0002
2021-04-08,59.6,0.0001
2021-04-09,59.32,0.0002
2021-04-12,59.7,0.0002
2021-04-13,60.18,0.0003
2021-04-14,63.15,0.0002
2021-04-15,63.46,0.0002
2021-04-16,63.13,0.0002
2021-04-19,63.38,0.0002
2021-04-20,62.44,0.0003
2021-04-21,61.35,0.0003
2021-04-22,61.43,0.0003
2021-04-23,62.14,0.0003
2021-04-26,61.91,0.0003
2021-04-27,62.94,0.0001
2021-04-28,63.86,0.0001
2021-04-29,65.01,0.0001
2021-04-30,63.58,0.0001
2021-05-03,64.49,0.0004
2021-05-04,65.69,0.0002
2021-05-05,65.63,0.0002
2021-05-06,64.71,0.0002
2021-05-07,64.9,0.0002
2021-05-10,64.92,0.0002
2021-05-11,65.28,0.0001
2021-05-12,66.08,0.0002
2021-05-13,63.82,0.0002
2021-05-14,65.37,0.0001
2021-05-17,66.27,0.0002
2021-05-18,65.49,0.0002
2021-05-19,63.36,0.0001
2021-05-20,62.05,0.0001
2021-05-21,63.58,0.0001
2021-05-24,66.05,0.0002
2021-05-25,66.07,0.0002
2021-05-26,66.21,0.0002
2021-05-27,66.85,0.0002
2021-05-28,66.32,0.0001
2021-06-01,67.72,0.0002
2021-06-02,68.83,0.0002
2021-06-03,68.81,0.0002
2021-06-04,69.62,0.0002
2021-06-07,69.23,0.0002
2021-06-08,70.05,0.0002
2021-06-09,69.96,0.0003
2021-06-10,70.29,0.0003
2021-06-11,70.91,0.0003
2021-06-14,70.88,0.0003
2021-06-15,72.12,0.0003
2021-06-16,72.15,0.0004
2021-06-17,71.04,0.0004
2021-06-18,71.64,0.0005
2021-06-21,73.66,0.0005
2021-06-22,73.06,0.0004
2021-06-23,73.08,0.0005
2021-06-24,73.3,0.0005
2021-06-25,74.05,0.0006
2021-06-28,72.91,0.0005
2021-06-29,72.98,0.0004
2021-06-30,73.47,0.0005
2021-07-01,75.23,0.0005
2021-07-02,75.16,0.0005
2021-07-06,73.37,0.0005
2021-07-07,72.2,0.0005
2021-07-08,72.94,0.0006
2021-07-09,74.56,0.0006
2021-07-12,74.1,0.0005
2021-07-13,75.25,0.0005
2021-07-14,73.13,0.0006
2021-07-15,71.65,0.0005
2021-07-16,71.81,0.0005
2021-07-19,66.42,0.0005
2021-07-20,67.42,0.0005
2021-07-21,70.3,0.0005
2021-07-22,71.91,0.0005
2021-07-23,72.07,0.0005
2021-07-26,71.91,0.0005
2021-07-27,71.65,0.0005
2021-07-28,72.39,0.0005
2021-07-29,73.62,0.0006
2021-07-30,73.95,0.0006
2021-08-02,71.26,0.0005
2021-08-03,70.56,0.0005
2021-08-04,68.15,0.0005
2021-08-05,69.09,0.0005
2021-08-06,68.28,0.0006
2021-08-09,66.48,0.0006
2021-08-10,68.29,0.0005
2021-08-11,69.25,0.0005
2021-08-12,69.09,0.0006
2021-08-13,68.44,0.0006
2021-08-16,67.29,0.0006
2021-08-17,66.59,0.0007000000000000001
2021-08-18,65.46,0.0007000000000000001
2021-08-19,63.69,0.0006
2021-08-20,62.32,0.0005
2021-08-23,65.64,0.0005
2021-08-24,67.54,0.0005
2021-08-25,68.36,0.0006
2021-08-26,67.42,0.0005
2021-08-27,68.74,0.0005
2021-08-30,69.21,0.0005
2021-08-31,68.5,0.0004
2021-09-01,68.59,0.0005
2021-09-02,69.99,0.0005
2021-09-03,69.29,0.0005
2021-09-07,68.35,0.0005
2021-09-08,69.3,0.0005
2021-09-09,68.14,0.0004
2021-09-10,69.72,0.0005
2021-09-13,70.45,0.0006
2021-09-14,70.46,0.0004
2021-09-15,72.61,0.0004
2021-09-16,72.61,0.0004
2021-09-17,71.97,0.0004
2021-09-20,70.29,0.0004
2021-09-21,70.56,0.0003
2021-09-22,72.23,0.0003
2021-09-23,73.3,0.0003
2021-09-24,73.98,0.0003
2021-09-27,75.45,0.0004
2021-09-28,75.29,0.0004
2021-09-29,74.83,0.0004
2021-09-30,75.03,0.0004
2021-10-01,75.88,0.0004
2021-10-04,77.62,0.0004
2021-10-05,78.93,0.0004
2021-10-06,77.43,0.0004
2021-10-07,78.3,0.0005
2021-10-08,79.35,0.0005
2021-10-11,80.52,0.0005
2021-10-12,80.64,0.0006
2021-10-13,80.44,0.0005
2021-10-14,81.31,0.0005
2021-10-15,82.28,0.0005
2021-10-18,82.44,0.0006
2021-10-19,82.96,0.0005
2021-10-20,83.87,0.0005
2021-10-21,82.5,0.0006
2021-10-22,83.76,0.0006
2021-10-25,83.76,0.0006
2021-10-26,84.65,0.0006
2021-10-27,82.66,0.0006
2021-10-28,82.81,0.0006
2021-10-29,83.57,0.0005
2021-11-01,84.05,0.0005
2021-11-02,83.91,0.0005
2021-11-03,80.86,0.0005
2021-11-04,78.81,0.0004
2021-11-05,81.27,0.0005
2021-11-08,81.93,0.0006
2021-11-09,84.15,0.0004
2021-11-10,81.34,0.0005
2021-11-11,81.59,0.0005
2021-11-12,80.79,0.0005
2021-11-15,80.88,0.0005
2021-11-16,80.76,0.0005
2021-11-17,78.36,0.0005
2021-11-18,79.01,0.0005
2021-11-19,76.1,0.0005
2021-11-22,76.75,0.0005
2021-11-23,78.5,0.0006
2021-11-24,78.39,0.0006
2021-11-26,68.15,0.0006
2021-11-29,69.95,0.0006
2021-11-30,66.18,0.0005
2021-12-01,65.57,0.0006
2021-12-02,66.5,0.0005
2021-12-03,66.26,0.0006
2021-12-06,69.49,0.0005
2021-12-07,72.05,0.0006
2021-12-08,72.36,0.0007000000000000001
2021-12-09,70.94,0.0006
2021-12-10,71.67,0.0006
2021-12-13,71.29,0.0005
2021-12-14,70.73,0.0005
2021-12-15,70.87,0.0005
2021-12-16,72.38,0.0005
2021-12-17,70.86,0.0005
2021-12-20,68.23,0.0007000000000000001
2021-12-21,71.12,0.0007000000000000001
2021-12-22,72.76,0.0008
2021-12-23,73.79,0.0007000000000000001
2021-12-27,75.57,0.0006
2021-12-28,75.98,0.0006
2021-12-29,76.56,0.0005
2021-12-30,76.99,0.0005
2021-12-31,75.21,0.0006
2022-01-03,76.08,0.0008
2022-01-04,76.99,0.0008
2022-01-05,77.85,0.0009
2022-01-06,79.46,0.001
2022-01-07,78.9,0.001
2022-01-10,78.23,0.0013
2022-01-11,81.22,0.0011
2022-01-12,82.64,0.0012
2022-01-13,82.12,0.0012
2022-01-14,83.82,0.0013
2022-01-18,85.43,0.0016
2022-01-19,86.96,0.0017000000000000001
2022-01-20,86.9,0.0017000000000000001
2022-01-21,85.14,0.0017000000000000001
2022-01-24,83.31,0.0019
2022-01-25,85.6,0.0019
2022-01-26,87.35,0.0019
2022-01-27,86.61,0.002
2022-01-28,86.82,0.0019
2022-01-31,88.15,0.0022
2022-02-01,88.2,0.0019
2022-02-02,88.26,0.0019
2022-02-03,90.27,0.002
2022-02-04,92.31,0.0023
2022-02-07,91.32,0.0027
2022-02-08,89.36,0.0025
2022-02-09,89.66,0.0026
2022-02-10,89.88,0.004
2022-02-11,93.1,0.0036
2022-02-14,95.46,0.0043
2022-02-15,92.07,0.004
2022-02-16,93.66,0.0038
2022-02-17,91.76,0.0036
2022-02-18,91.07,0.0034999999999999996
2022-02-22,92.35,0.0037
2022-02-23,92.1,0.0034000000000000002
2022-02-24,92.81,0.0032
2022-02-25,91.59,0.0033
2022-02-28,95.72,0.0034999999999999996
2022-03-01,103.41,0.0032
2022-03-02,110.6,0.0034000000000000002
2022-03-03,107.67,0.0038
2022-03-04,115.68,0.0034000000000000002
2022-03-07,119.4,0.0038
2022-03-08,123.7,0.0036
2022-03-09,108.7,0.0038
2022-03-10,106.02,0.0039000000000000003
2022-03-11,109.33,0.004
2022-03-14,103.01,0.0045000000000000005
2022-03-15,96.44,0.0046
2022-03-16,95.04,0.0044
2022-03-17,102.98,0.004
2022-03-18,104.7,0.0042
2022-03-21,112.12,0.0054
2022-03-22,111.76,0.0051
2022-03-23,114.93,0.005
2022-03-24,112.34,0.0052
2022-03-25,113.9,0.0055000000000000005
2022-03-28,105.96,0.0059
2022-03-29,104.24,0.0055000000000000005
2022-03-30,107.82,0.0055000000000000005
2022-03-31,100.28,0.0052
2022-04-01,99.27,0.0053
2022-04-04,103.28,0.0066
2022-04-05,101.96,0.006500000000000001
2022-04-06,96.23,0.0067
2022-04-07,96.03,0.0068000000000000005
2022-04-08,98.26,0.006999999999999999
2022-04-11,94.29,0.0077
2022-04-12,100.6,0.0074
2022-04-13,104.25,0.0075
2022-04-14,106.95,0.0079
2022-04-18,108.21,0.008100000000000001
2022-04-19,102.56,0.008100000000000001
2022-04-20,102.75,0.008199999999999999
2022-04-21,103.79,0.0083
2022-04-22,102.07,0.0083
2022-04-25,98.54,0.0091
2022-04-26,101.7,0.0083
2022-04-27,102.02,0.008199999999999999
2022-04-28,105.36,0.008199999999999999
2022-04-29,104.69,0.0085
2022-05-02,105.17,0.009000000000000001
2022-05-03,102.41,0.0091
2022-05-04,107.81,0.0089
2022-05-05,108.26,0.0085
2022-05-06,109.77,0.0085
2022-05-09,103.09,0.0092
2022-05-10,99.76,0.0089
2022-05-11,105.71,0.0091
2022-05-12,106.13,0.0096
2022-05-13,110.49,0.0103
2022-05-16,114.2,0.010700000000000001
2022-05-17,112.4,0.0106
2022-05-18,109.59,0.0103
2022-05-19,112.21,0.0105
2022-05-20,113.23,0.0103
2022-05-23,110.29,0.010700000000000001
2022-05-24,109.77,0.0106
2022-05-25,110.33,0.0106
2022-05-26,114.09,0.010700000000000001
2022-05-27,115.07,0.0108
2022-05-31,114.67,0.0116
2022-06-01,115.26,0.0115
2022-06-02,116.87,0.011699999999999999
2022-06-03,118.87,0.0121
2022-06-06,118.5,0.0126
2022-06-07,119.41,0.0126
2022-06-08,122.11,0.0128
2022-06-09,121.51,0.013000000000000001
2022-06-10,120.67,0.0139
2022-06-13,120.93,0.0173
2022-06-14,118.93,0.0183
2022-06-15,115.31,0.0174
2022-06-16,117.59,0.0159
2022-06-17,109.56,0.0163
2022-06-21,110.65,0.017
2022-06-22,106.19,0.0161
2022-06-23,104.27,0.0165
2022-06-24,107.62,0.0173
2022-06-27,109.57,0.0179
2022-06-28,111.76,0.0179
2022-06-29,109.78,0.0178
2022-06-30,105.76,0.0172
2022-07-01,108.43,0.0173
2022-07-05,99.5,0.019
2022-07-06,98.53,0.019
2022-07-07,102.73,0.0195
2022-07-08,104.79,0.019799999999999998
2022-07-11,104.09,0.0218
2022-07-12,95.84,0.0222
2022-07-13,96.3,0.0239
2022-07-14,95.78,0.024
2022-07-15,97.59,0.023700000000000002
2022-07-18,102.6,0.025
2022-07-19,104.22,0.0252
2022-07-20,102.26,0.025099999999999997
2022-07-21,96.35,0.0248
2022-07-22,94.7,0.024900000000000002
2022-07-25,96.7,0.0262
2022-07-26,94.98,0.0255
2022-07-27,97.26,0.024399999999999998
2022-07-28,96.42,0.0242
2022-07-29,98.62,0.0241
2022-08-01,93.89,0.0256
2022-08-02,94.42,0.0256
2022-08-03,90.66,0.0252
2022-08-04,88.54,0.025
2022-08-05,89.01,0.0258
2022-08-08,90.76,0.0265
2022-08-09,90.5,0.026699999999999998
2022-08-10,91.93,0.0265
2022-08-11,94.34,0.0262
2022-08-12,92.09,0.0263
2022-08-15,89.41,0.027200000000000002
2022-08-16,86.53,0.027000000000000003
2022-08-17,88.11,0.0268
2022-08-18,90.5,0.0271
2022-08-19,90.77,0.0274
2022-08-22,90.23,0.0282
2022-08-23,93.74,0.027999999999999997
2022-08-24,94.89,0.0282
2022-08-25,92.52,0.0288
2022-08-26,93.06,0.028900000000000002
2022-08-29,97.01,0.0297
2022-08-30,91.64,0.0297
2022-08-31,89.55,0.0296
2022-09-01,86.61,0.0297
2022-09-02,86.87,0.0294
2022-09-06,86.88,0.0304
2022-09-07,81.94,0.030699999999999998
2022-09-08,83.54,0.030600000000000002
2022-09-09,86.79,0.0308
2022-09-12,87.78,0.0317
2022-09-13,87.31,0.032799999999999996
2022-09-14,88.48,0.032400000000000005
2022-09-15,85.1,0.0322
2022-09-16,85.11,0.032
2022-09-19,85.73,0.0337
2022-09-20,84.45,0.0335
2022-09-21,82.94,0.0331
2022-09-22,83.49,0.0329
2022-09-23,78.74,0.032400000000000005
2022-09-26,76.71,0.0339
2022-09-27,78.5,0.0335
2022-09-28,82.15,0.034
2022-09-29,81.23,0.0336
2022-09-30,79.49,0.0333
2022-10-03,83.63,0.0346
2022-10-04,86.52,0.0345
2022-10-05,87.76,0.0346
2022-10-06,88.45,0.0346
2022-10-07,92.64,0.0345
2022-10-10,91.13,0.0345
2022-10-11,89.35,0.036699999999999997
2022-10-12,87.27,0.037000000000000005
2022-10-13,89.11,0.0379
2022-10-14,85.61,0.0381
2022-10-17,85.46,0.0397
2022-10-18,82.82,0.0404
2022-10-19,85.55,0.0407
2022-10-20,85.98,0.0409
2022-10-21,85.05,0.0409
2022-10-24,84.58,0.0416
2022-10-25,85.32,0.0414
2022-10-26,87.91,0.041100000000000005
2022-10-27,89.08,0.041299999999999996
2022-10-28,87.9,0.0418
2022-10-31,86.53,0.042199999999999994
2022-11-01,88.37,0.042300000000000004
2022-11-02,90.0,0.042199999999999994
2022-11-03,88.17,0.0425
2022-11-04,92.61,0.0421
2022-11-07,91.79,0.0429
2022-11-08,88.91,0.042800000000000005
2022-11-09,85.83,0.0429
2022-11-10,86.47,0.042800000000000005
2022-11-11,88.96,0.042800000000000005
2022-11-14,85.87,0.0434
2022-11-15,86.92,0.0431
2022-11-16,85.59,0.0432
2022-11-17,81.64,0.0432
2022-11-18,80.08,0.0434
2022-11-21,79.73,0.0441
2022-11-22,80.95,0.044000000000000004
2022-11-23,77.94,0.044000000000000004
2022-11-25,76.28,0.0441
2022-11-28,77.24,0.0441
2022-11-29,78.2,0.0438
2022-11-30,80.55,0.0437
2022-12-01,81.22,0.0433
2022-12-02,79.98,0.0434
2022-12-05,76.93,0.0436
2022-12-06,74.25,0.0437
2022-12-07,72.01,0.0429
2022-12-08,71.46,0.042800000000000005
2022-12-09,71.02,0.0431
2022-12-12,73.17,0.0438
2022-12-13,75.39,0.0435
2022-12-14,77.28,0.0433
2022-12-15,76.11,0.0434
2022-12-16,74.29,0.0431
2022-12-19,75.19,0.0437
2022-12-20,76.09,0.0435
2022-12-21,78.29,0.0433
2022-12-22,77.49,0.0435
2022-12-23,79.56,0.0434
2022-12-27,79.53,0.0446
2022-12-28,78.96,0.0446
2022-12-29,78.4,0.044500000000000005
2022-12-30,80.26,0.044199999999999996
2023-01-03,76.93,0.0453
2023-01-04,72.84,0.0455
2023-01-05,73.67,0.0466
2023-01-06,73.77,0.0467
2023-01-09,74.63,0.047
2023-01-10,75.12,0.0473
2023-01-11,77.41,0.0472
2023-01-12,78.39,0.0466
2023-01-13,79.86,0.0467
2023-01-17,80.18,0.0471
2023-01-18,79.48,0.046900000000000004
2023-01-19,80.33,0.0471
2023-01-20,81.31,0.0472
2023-01-23,81.62,0.0473
2023-01-24,80.13,0.0472
2023-01-25,80.15,0.0472
2023-01-26,81.01,0.0471
2023-01-27,79.68,0.0473
2023-01-30,77.9,0.0472
2023-01-31,78.87,0.047
2023-02-01,76.41,0.0466
2023-02-02,75.88,0.0466
2023-02-03,73.39,0.047
2023-02-06,74.11,0.0471
2023-02-07,77.14,0.0471
2023-02-08,78.47,0.0472
2023-02-09,78.06,0.04769999999999999
2023-02-10,79.72,0.0479
2023-02-13,80.14,0.0481
2023-02-14,79.06,0.048
2023-02-15,78.59,0.0479
2023-02-16,78.49,0.0484
2023-02-17,76.34,0.0484
2023-02-21,76.16,0.048600000000000004
2023-02-22,73.95,0.0484
2023-02-23,75.39,0.0484
2023-02-24,76.32,0.048600000000000004
2023-02-27,75.68,0.0489
2023-02-28,77.05,0.048799999999999996
2023-03-01,77.69,0.049
2023-03-02,78.16,0.049100000000000005
2023-03-03,79.68,0.049100000000000005
2023-03-06,80.46,0.0493
2023-03-07,77.58,0.0504
2023-03-08,76.66,0.0506
2023-03-09,75.72,0.050499999999999996
2023-03-10,76.68,0.0501
2023-03-13,74.8,0.0487
2023-03-14,71.33,0.048799999999999996
2023-03-15,67.61,0.0475
2023-03-16,68.35,0.047400000000000005
2023-03-17,66.74,0.0452
2023-03-20,67.64,0.0481
2023-03-21,69.33,0.0478
2023-03-22,70.9,0.0479
2023-03-23,69.96,0.0473
2023-03-24,69.26,0.047400000000000005
2023-03-27,72.81,0.049100000000000005
2023-03-28,73.2,0.048
2023-03-29,72.97,0.048
2023-03-30,74.37,0.049699999999999994
2023-03-31,75.67,0.048499999999999995
2023-04-03,80.42,0.049
2023-04-04,80.71,0.048799999999999996
2023-04-05,80.61,0.048600000000000004
2023-04-06,80.7,0.049100000000000005
2023-04-10,79.74,0.0508
2023-04-11,81.53,0.0504
2023-04-12,83.26,0.050199999999999995
2023-04-13,82.16,0.051
2023-04-14,82.52,0.051399999999999994
2023-04-17,80.83,0.0521
2023-04-18,80.86,0.052000000000000005
2023-04-19,79.16,0.0516
2023-04-20,77.29,0.0512
2023-04-21,77.87,0.051399999999999994
2023-04-24,78.76,0.052000000000000005
2023-04-25,77.07,0.0512
2023-04-26,74.3,0.0516
2023-04-27,74.76,0.0518
2023-04-28,76.78,0.051
2023-05-01,75.66,0.0527
2023-05-02,71.66,0.0524
2023-05-03,68.6,0.0526
2023-05-04,68.56,0.0526
2023-05-05,71.34,0.0526
2023-05-08,73.16,0.053099999999999994
2023-05-09,73.71,0.0529
2023-05-10,72.56,0.0524
2023-05-11,70.87,0.052000000000000005
2023-05-12,70.04,0.0525
2023-05-15,71.11,0.0521
2023-05-16,70.86,0.052300000000000006
2023-05-17,72.83,0.0526
2023-05-18,71.86,0.053099999999999994
2023-05-19,71.55,0.0529
2023-05-22,71.99,0.054000000000000006
2023-05-23,72.91,0.053399999999999996
2023-05-24,74.34,0.0537
2023-05-25,71.83,0.0538
2023-05-26,72.67,0.053399999999999996
2023-05-30,69.46,0.0555
2023-05-31,68.09,0.0552
2023-06-01,70.1,0.055
2023-06-02,71.74,0.055
2023-06-05,72.15,0.0546
2023-06-06,71.74,0.054400000000000004
2023-06-07,72.53,0.0542
2023-06-08,71.29,0.0538
2023-06-09,70.17,0.0537
2023-06-12,67.12,0.054000000000000006
2023-06-13,69.42,0.0536
2023-06-14,68.27,0.0536
2023-06-15,70.62,0.0533
2023-06-16,71.78,0.053399999999999996
2023-06-20,70.5,0.053899999999999997
2023-06-21,72.53,0.054000000000000006
2023-06-22,69.51,0.054000000000000006
2023-06-23,69.16,0.0541
2023-06-26,69.37,0.055
2023-06-27,67.7,0.054400000000000004
2023-06-28,69.56,0.054400000000000004
2023-06-29,69.86,0.0546
2023-06-30,70.64,0.054299999999999994
2023-07-03,69.79,0.054400000000000004
2023-07-05,71.79,0.054400000000000004
2023-07-06,71.8,0.0546
2023-07-07,73.86,0.0546
2023-07-10,72.99,0.0548
2023-07-11,74.83,0.054900000000000004
2023-07-12,75.75,0.0547
2023-07-13,76.89,0.0547
2023-07-14,75.42,0.054900000000000004
2023-07-17,74.15,0.054900000000000004
2023-07-18,75.75,0.054900000000000004
2023-07-19,75.35,0.054900000000000004
2023-07-20,75.63,0.054900000000000004
2023-07-21,77.07,0.055
2023-07-24,78.74,0.055099999999999996
2023-07-25,79.63,0.055099999999999996
2023-07-26,78.78,0.055099999999999996
2023-07-27,80.09,0.055099999999999996
2023-07-28,80.58,0.0552
2023-07-31,81.8,0.0555
2023-08-01,81.37,0.0554
2023-08-02,79.49,0.0553
2023-08-03,81.55,0.0554
2023-08-04,82.82,0.0554
2023-08-07,81.94,0.0556
2023-08-08,82.92,0.0557
2023-08-09,84.4,0.0555
2023-08-10,82.82,0.0554
2023-08-11,83.19,0.0554
2023-08-14,82.51,0.0556
2023-08-15,80.99,0.0556
2023-08-16,79.38,0.0556
2023-08-17,80.39,0.0556
2023-08-18,81.25,0.0555
2023-08-21,80.72,0.0557
2023-08-22,80.35,0.0557
2023-08-23,78.89,0.0557
2023-08-24,79.05,0.0558
2023-08-25,79.83,0.056100000000000004
2023-08-28,80.1,0.0558
2023-08-29,81.16,0.0556
2023-08-30,81.63,0.0556
2023-08-31,83.63,0.0556
2023-09-01,85.55,0.0553
2023-09-05,86.69,0.0555
2023-09-06,87.54,0.0555
2023-09-07,86.87,0.0553
2023-09-08,87.51,0.0555
2023-09-11,87.29,0.0555
2023-09-12,88.84,0.0556
2023-09-13,88.52,0.0555
2023-09-14,90.16,0.0555
2023-09-15,90.77,0.0556
2023-09-18,91.48,0.0555
2023-09-19,91.2,0.0554
2023-09-20,90.28,0.0556
2023-09-21,89.63,0.0557
2023-09-22,90.03,0.0556
2023-09-25,89.68,0.0558
2023-09-26,90.39,0.0558
2023-09-27,93.68,0.0558
2023-09-28,91.71,0.0556
2023-09-29,90.79,0.0555
2023-10-02,88.82,0.0562
2023-10-03,89.23,0.0562
2023-10-04,84.22,0.056100000000000004
2023-10-05,82.31,0.056100000000000004
2023-10-06,82.79,0.056299999999999996
2023-10-09,86.38,0.056299999999999996
2023-10-10,85.97,0.056100000000000004
2023-10-11,83.49,0.056100000000000004
2023-10-12,82.91,0.056299999999999996
2023-10-13,87.69,0.0562
2023-10-16,86.66,0.056100000000000004
2023-10-17,86.66,0.0562
2023-10-18,88.32,0.056100000000000004
2023-10-19,89.37,0.055999999999999994
2023-10-20,88.75,0.0558
2023-10-23,85.49,0.0558
2023-10-24,83.74,0.0558
2023-10-25,85.39,0.0559
2023-10-26,83.21,0.0559
2023-10-27,85.54,0.0559
2023-10-30,82.31,0.055999999999999994
2023-10-31,81.02,0.0559
2023-11-01,80.44,0.0557
2023-11-02,82.46,0.0554
2023-11-03,80.51,0.0553
2023-11-06,80.82,0.0556
2023-11-07,77.37,0.0555
2023-11-08,75.33,0.0554
2023-11-09,75.74,0.0554
2023-11-10,77.17,0.0553
2023-11-13,78.26,0.0555
2023-11-14,78.26,0.0552
2023-11-15,76.66,0.0553
2023-11-16,72.9,0.055099999999999996
2023-11-17,75.89,0.055
2023-11-20,77.6,0.0554
2023-11-21,77.77,0.0553
2023-11-22,77.1,0.0554
2023-11-24,75.54,0.0554
2023-11-27,74.86,0.054900000000000004
2023-11-28,76.41,0.0547
2023-11-29,77.86,0.0545
2023-11-30,75.96,0.0545
2023-12-01,74.07,0.054299999999999994
2023-12-04,73.04,0.0546
2023-12-05,72.32,0.0545
2023-12-06,69.38,0.0545
2023-12-07,69.34,0.054400000000000004
2023-12-08,71.23,0.054400000000000004
2023-12-11,71.32,0.0547
2023-12-12,68.61,0.0546
2023-12-13,69.47,0.054400000000000004
2023-12-14,71.58,0.054299999999999994
2023-12-15,71.43,0.054400000000000004
2023-12-18,72.47,0.0546
2023-12-19,73.44,0.054299999999999994
2023-12-20,74.22,0.054400000000000004
2023-12-21,73.89,0.0542
2023-12-22,73.56,0.054400000000000004
2023-12-26,75.57,0.0545
2023-12-27,74.11,0.054400000000000004
2023-12-28,71.77,0.0545
2023-12-29,71.65,0.054000000000000006
2024-01-02,70.38,0.0546
2024-01-03,72.7,0.0548
2024-01-04,72.19,0.0548
2024-01-05,73.81,0.0547
2024-01-08,70.77,0.054900000000000004
2024-01-09,72.24,0.0547
2024-01-10,71.37,0.0546
2024-01-11,72.02,0.0546
2024-01-12,72.68,0.0545
2024-01-16,72.4,0.0545
2024-01-17,72.56,0.0547
2024-01-18,74.08,0.0545
2024-01-19,73.41,0.0545
2024-01-22,75.19,0.0546
2024-01-23,74.37,0.0545
2024-01-24,75.09,0.054400000000000004
2024-01-25,77.36,0.054400000000000004
2024-01-26,78.01,0.054400000000000004
2024-01-29,76.78,0.0542
2024-01-30,77.82,0.0542
2024-01-31,75.85,0.0542
2024-02-01,73.82,0.0542
2024-02-02,72.28,0.054299999999999994
2024-02-05,72.78,0.0542
2024-02-06,73.31,0.054400000000000004
2024-02-07,73.86,0.054299999999999994
2024-02-08,76.22,0.054400000000000004
2024-02-09,76.84,0.054400000000000004
2024-02-12,76.92,0.054299999999999994
2024-02-13,77.87,0.0545
2024-02-14,76.64,0.054299999999999994
2024-02-15,78.03,0.054299999999999994
2024-02-16,79.19,0.054400000000000004
2024-02-20,78.18,0.054400000000000004
2024-02-21,77.91,0.054400000000000004
2024-02-22,78.61,0.0545
2024-02-23,76.49,0.0546
2024-02-26,77.58,0.0547
2024-02-27,78.87,0.0545
2024-02-28,78.54,0.0545
2024-02-29,78.26,0.0545
2024-03-01,79.97,0.0542
2024-03-04,78.74,0.0548
2024-03-05,78.15,0.0547
2024-03-06,79.13,0.0547
2024-03-07,78.93,0.0547
2024-03-08,78.01,0.0546
2024-03-11,77.93,0.0548
2024-03-12,77.56,0.0548
2024-03-13,79.72,0.0548
2024-03-14,81.26,0.0548
2024-03-15,81.04,0.0548
2024-03-18,82.72,0.0548
2024-03-19,83.47,0.0548
2024-03-20,81.68,0.0547
2024-03-21,81.07,0.0548
2024-03-22,80.63,0.0546
2024-03-25,81.95,0.0546
2024-03-26,81.62,0.0546
2024-03-27,81.35,0.0545
2024-03-28,83.17,0.0546
2024-04-01,83.71,0.054400000000000004
2024-04-02,85.15,0.0542
2024-04-03,85.43,0.0542
2024-04-04,86.59,0.0541
2024-04-05,86.91,0.054299999999999994
2024-04-08,86.43,0.054299999999999994
2024-04-09,85.23,0.054299999999999994
2024-04-10,86.21,0.0545
2024-04-11,85.02,0.0545
2024-04-12,85.66,0.0545
2024-04-15,85.41,0.0545
2024-04-16,85.36,0.0545
2024-04-17,82.69,0.0545
2024-04-18,82.73,0.0546
2024-04-19,83.14,0.0545
2024-04-22,82.85,0.0542
2024-04-23,83.36,0.0545
2024-04-24,82.81,0.0546
2024-04-25,83.57,0.0547
2024-04-26,83.85,0.0546
2024-04-29,82.63,0.0545
2024-04-30,81.93,0.0546
2024-05-01,79.0,0.0546
2024-05-02,78.95,0.0546
2024-05-03,78.11,0.0545
2024-05-06,78.48,0.0545
2024-05-07,78.38,0.0545
2024-05-08,78.99,0.0545
2024-05-09,79.26,0.0546
2024-05-10,78.26,0.0547
2024-05-13,79.12,0.0545
2024-05-14,78.02,0.054400000000000004
2024-05-15,78.63,0.0545
2024-05-16,79.23,0.0545
2024-05-17,80.06,0.0546
2024-05-20,79.8,0.0545
2024-05-21,79.26,0.0545
2024-05-22,77.57,0.0545
2024-05-23,76.87,0.0546
2024-05-24,77.72,0.0546
2024-05-28,79.83,0.0546
2024-05-29,79.23,0.0546
2024-05-30,77.91,0.0546
2024-05-31,76.99,0.0546
2024-06-03,74.22,0.0552
2024-06-04,73.25,0.0552
2024-06-05,74.07,0.055099999999999996
2024-06-06,75.55,0.055099999999999996
2024-06-07,75.53,0.0552
2024-06-10,77.74,0.0552
2024-06-11,77.9,0.0552
2024-06-12,78.5,0.055099999999999996
2024-06-13,78.62,0.055099999999999996
2024-06-14,78.45,0.055099999999999996
2024-06-17,80.33,0.0552
2024-06-18,81.57,0.055
2024-06-20,82.17,0.055
2024-06-21,80.73,0.054900000000000004
2024-06-24,81.63,0.055
2024-06-25,80.83,0.054900000000000004
2024-06-26,80.9,0.055
2024-06-27,81.74,0.054900000000000004
2024-06-28,81.54,0.0548
2024-07-01,83.38,0.0547
2024-07-02,82.81,0.0547
2024-07-03,83.88,0.0547
2024-07-05,83.16,0.0546
2024-07-08,82.33,0.0546
2024-07-09,81.41,0.0546
2024-07-10,82.1,0.0546
2024-07-11,82.62,0.054400000000000004
2024-07-12,82.21,0.054299999999999994
2024-07-15,81.91,0.054299999999999994
2024-07-16,80.76,0.054299999999999994
2024-07-17,82.85,0.054299999999999994
2024-07-18,82.82,0.054299999999999994
2024-07-19,80.13,0.054299999999999994
2024-07-22,79.78,0.054299999999999994
2024-07-23,76.96,0.0541
2024-07-24,77.59,0.054000000000000006
2024-07-25,78.28,0.053899999999999997
2024-07-26,77.16,0.0538
2024-07-29,75.81,0.0541
2024-07-30,74.73,0.054000000000000006
2024-07-31,77.91,0.0541
2024-08-01,76.31,0.0537
2024-08-02,73.52,0.0529
2024-08-05,72.94,0.0535
2024-08-06,73.2,0.053399999999999996
2024-08-07,75.23,0.053399999999999996
2024-08-08,76.19,0.053399999999999996
2024-08-09,76.84,0.0533
2024-08-12,80.06,0.0533
2024-08-13,78.35,0.053200000000000004
2024-08-14,76.98,0.053200000000000004
2024-08-15,78.16,0.053399999999999996
2024-08-16,76.65,0.0533
2024-08-19,74.37,0.053099999999999994
2024-08-20,74.04,0.0529
2024-08-21,71.93,0.0526
2024-08-22,73.01,0.0528
2024-08-23,74.83,0.0525
2024-08-26,77.42,0.0524
2024-08-27,75.53,0.052300000000000006
2024-08-28,74.52,0.0521
2024-08-29,75.91,0.052199999999999996
2024-08-30,73.55,0.0521
2024-09-03,70.34,0.0519
2024-09-04,69.2,0.0518
2024-09-05,69.15,0.051500000000000004
2024-09-06,67.67,0.0513
2024-09-09,68.71,0.051100000000000007
2024-09-10,65.75,0.0506
2024-09-11,67.31,0.051
2024-09-12,68.97,0.0506
2024-09-13,68.65,0.049699999999999994
2024-09-16,70.09,0.0496
2024-09-17,71.19,0.0495
2024-09-18,70.91,0.0484
2024-09-19,71.95,0.048
2024-09-20,71.92,0.0475
2024-09-23,70.37,0.0472
2024-09-24,71.56,0.046900000000000004
2024-09-25,69.69,0.046900000000000004
2024-09-26,67.67,0.046799999999999994
2024-09-27,68.18,0.046799999999999994
2024-09-30,68.17,0.0473
2024-10-01,69.83,0.0471
2024-10-02,70.1,0.046900000000000004
2024-10-03,73.71,0.046799999999999994
2024-10-04,74.38,0.0473
2024-10-07,77.14,0.04769999999999999
2024-10-08,73.57,0.0475
2024-10-09,73.24,0.0475
2024-10-10,75.85,0.0475
2024-10-11,75.56,0.0473
2024-10-14,73.83,0.0473
2024-10-15,70.58,0.0473
2024-10-16,70.39,0.0472
2024-10-17,70.67,0.047400000000000005
2024-10-18,69.22,0.0473
2024-10-21,70.56,0.0473
2024-10-22,72.09,0.0472
2024-10-23,70.77,0.0473
2024-10-24,70.19,0.047
2024-10-25,71.78,0.0473
2024-10-28,67.38,0.047
2024-10-29,67.21,0.047
2024-10-30,68.61,0.0467
2024-10-31,69.26,0.0464
2024-11-01,69.49,0.0461
2024-11-04,71.47,0.04650000000000001
2024-11-05,71.99,0.0464
2024-11-06,71.69,0.0464
2024-11-07,72.36,0.0463
2024-11-08,70.38,0.0463
2024-11-11,68.04,0.0463
2024-11-12,68.12,0.0463
2024-11-13,68.43,0.046
2024-11-14,68.7,0.0461
2024-11-15,67.02,0.046
2024-11-18,69.16,0.0463
2024-11-19,69.39,0.0462
2024-11-20,68.87,0.0462
2024-11-21,70.1,0.0463
2024-11-22,71.24,0.0463
2024-11-25,68.94,0.0462
2024-11-26,68.77,0.0461
2024-11-27,68.72,0.046
2024-11-29,68.0,0.0458
2024-12-02,68.1,0.0451
2024-12-03,69.94,0.0449
2024-12-04,68.54,0.0447
2024-12-05,68.3,0.0446
2024-12-06,67.2,0.044199999999999996
2024-12-09,68.37,0.044199999999999996
2024-12-10,68.59,0.0441
2024-12-11,70.29,0.0438
2024-12-12,70.02,0.0435
2024-12-13,71.29,0.0434
2024-12-16,70.71,0.0437
2024-12-17,70.08,0.0438
2024-12-18,70.58,0.0436
2024-12-19,69.91,0.0435
2024-12-20,69.46,0.0434
2024-12-23,69.24,0.0436
2024-12-24,70.1,0.044000000000000004
2024-12-26,69.62,0.0435
2024-12-27,70.6,0.0431
2024-12-30,70.99,0.0437
2024-12-31,71.72,0.0437
2025-01-02,73.13,0.0436
2025-01-03,73.96,0.0434
2025-01-06,73.56,0.0435
2025-01-07,74.25,0.0435
2025-01-08,73.32,0.0435
2025-01-09,73.92,0.0435
2025-01-10,76.57,0.0436
2025-01-13,78.82,0.0437
2025-01-14,77.5,0.0436
2025-01-15,80.04,0.0435
2025-01-16,78.68,0.0434
2025-01-17,77.88,0.0434
2025-01-21,75.89,0.0436
2025-01-22,75.44,0.0436
2025-01-23,74.62,0.0436
2025-01-24,74.66,0.0435
2025-01-27,73.17,0.0432
2025-01-28,73.77,0.0431
2025-01-29,72.62,0.0431
2025-01-30,72.73,0.043
2025-01-31,72.53,0.0431
2025-02-03,73.16,0.0434
2025-02-04,72.7,0.0433
2025-02-05,71.03,0.0433
2025-02-06,70.61,0.0434
2025-02-07,71.0,0.0435
2025-02-10,72.32,0.0435
2025-02-11,73.32,0.0435
2025-02-12,71.37,0.0435
2025-02-13,71.29,0.0434
2025-02-14,70.74,0.0434
2025-02-18,71.85,0.0434
2025-02-19,72.25,0.0434
2025-02-20,72.57,0.0433
2025-02-21,70.4,0.0432
2025-02-24,70.7,0.0431
2025-02-25,68.93,0.043
2025-02-26,68.62,0.0431
2025-02-27,70.35,0.0432
2025-02-28,69.76,0.0432
2025-03-03,68.37,0.0435
2025-03-04,68.26,0.0434
2025-03-05,66.31,0.0435
2025-03-06,66.36,0.0434
2025-03-07,67.04,0.0434
2025-03-10,66.03,0.0433
2025-03-11,66.25,0.0434
2025-03-12,67.68,0.0435
2025-03-13,66.55,0.0434
2025-03-14,67.18,0.0433
2025-03-17,67.58,0.0434
2025-03-18,66.9,0.0434
2025-03-19,67.16,0.0433
2025-03-20,68.26,0.0433
2025-03-21,68.28,0.0433
2025-03-24,69.11,0.0433
2025-03-25,69.0,0.0433
2025-03-26,69.65,0.0433
2025-03-27,69.92,0.0433
2025-03-28,69.36,0.0433
2025-03-31,71.48,0.0432
2025-04-01,71.2,0.0432
2025-04-02,71.71,0.0432
2025-04-03,66.95,0.0431
2025-04-04,61.99,0.042800000000000005
2025-04-07,60.7,0.0429
2025-04-08,59.58,0.0431
2025-04-09,62.35,0.0435
2025-04-10,60.07,0.0434
2025-04-11,61.5,0.0434
2025-04-14,61.53,0.0433
2025-04-15,61.33,0.0433
2025-04-16,62.47,0.0433
2025-04-17,64.68,0.0434
2025-04-21,63.08,0.0434
2025-04-22,64.31,0.0433
2025-04-23,62.27,0.0433
2025-04-24,62.79,0.0432
2025-04-25,63.02,0.0432
2025-04-28,62.05,0.0432
2025-04-29,60.42,0.0431
2025-04-30,58.21,0.0431
2025-05-01,59.24,0.0431
2025-05-02,58.29,0.0433
2025-05-05,57.13,0.0433
2025-05-06,59.09,0.0433
2025-05-07,58.07,0.0434
2025-05-08,59.91,0.0434
2025-05-09,61.02,0.0434
2025-05-12,61.95,0.044199999999999996
2025-05-13,63.67,0.0441
2025-05-14,63.15,0.0441
2025-05-15,61.62,0.0438
2025-05-16,62.49,0.0437
2025-05-19,62.69,0.043899999999999995
2025-05-20,62.56,0.0438
2025-05-21,61.57,0.0436
2025-05-22,61.2,0.0437
2025-05-23,61.53,0.0436
2025-05-27,60.89,0.0435
2025-05-28,61.84,0.0435
2025-05-29,60.94,0.0436
2025-05-30,60.79,0.0436
2025-06-02,62.52,0.0444
2025-06-03,63.41,0.0443
2025-06-04,62.85,0.0444
2025-06-05,63.37,0.0444
2025-06-06,64.58,0.0443
2025-06-09,65.29,0.0444
2025-06-10,64.98,0.044500000000000005
2025-06-11,68.15,0.044500000000000005
2025-06-12,68.04,0.0446
2025-06-13,72.98,0.044500000000000005
2025-06-16,71.77,0.0443
2025-06-17,74.84,0.044199999999999996
2025-06-18,75.14,0.044199999999999996
2025-06-20,74.93,0.043899999999999995
2025-06-23,68.51,0.0438
2025-06-24,64.37,0.0438
2025-06-25,64.92,0.0438
2025-06-26,65.24,0.043899999999999995
2025-06-27,65.52,0.043899999999999995
2025-06-30,65.11,0.0441
2025-07-01,65.45,0.044000000000000004
2025-07-02,67.45,0.0441
2025-07-03,67.0,0.044199999999999996
2025-07-07,67.93,0.044199999999999996
2025-07-08,68.33,0.044199999999999996
2025-07-09,68.38,0.044199999999999996
2025-07-10,66.57,0.044199999999999996
2025-07-11,68.45,0.0441
2025-07-14,66.98,0.044199999999999996
2025-07-15,66.52,0.044199999999999996
2025-07-16,66.38,0.0441
2025-07-17,67.54,0.0441
2025-07-18,67.34,0.044000000000000004
2025-07-21,67.2,0.0441
2025-07-22,66.21,0.0441
2025-07-23,65.25,0.0441
2025-07-24,66.03,0.044199999999999996
2025-07-25,65.16,0.044199999999999996
2025-07-28,66.71,0.044000000000000004
2025-07-29,69.21,0.044000000000000004
2025-07-30,70.0,0.0441
2025-07-31,69.26,0.0441
2025-08-01,67.33,0.0435
2025-08-04,66.29,0.0435
2025-08-05,65.16,0.0434
2025-08-06,64.35,0.0432
2025-08-07,63.88,0.0432
2025-08-08,63.88,0.0432
2025-08-11,63.96,0.0434
2025-08-12,63.17,0.0433
2025-08-13,62.65,0.0429
2025-08-14,63.96,0.043
2025-08-15,62.8,0.043
2025-08-18,63.42,0.0433
2025-08-19,62.35,0.043
2025-08-20,63.21,0.043
2025-08-21,63.52,0.0432
2025-08-22,63.66,0.042699999999999995
2025-08-25,64.8,0.0429
2025-08-26,63.25,0.042800000000000005
2025-08-27,64.15,0.0426
2025-08-28,64.6,0.0426
2025-08-29,64.01,0.042300000000000004
2025-09-02,65.59,0.042
2025-09-03,63.97,0.0418
2025-09-04,63.48,0.0416
2025-09-05,61.87,0.0407
2025-09-08,62.26,0.040999999999999995
2025-09-09,62.63,0.040999999999999995
2025-09-10,63.67,0.0409
2025-09-11,62.37,0.0408
2025-09-12,62.69,0.0408
2025-09-15,63.3,0.0406
2025-09-16,64.52,0.0404
2025-09-17,64.05,0.04019999999999999
2025-09-18,63.57,0.0403
2025-09-19,62.68,0.0403
2025-09-22,62.64,0.04
2025-09-23,63.41,0.04
2025-09-24,64.99,0.04019999999999999
2025-09-25,64.98,0.0404
2025-09-26,65.72,0.04019999999999999
2025-09-29,63.45,0.0404
2025-09-30,62.37,0.04019999999999999
2025-10-01,61.78,0.0401
2025-10-02,60.48,0.04019999999999999
2025-10-03,60.88,0.0403
2025-10-06,61.69,0.04019999999999999
2025-10-07,61.73,0.0401
2025-10-08,62.55,0.0401
2025-10-09,61.51,0.0403
2025-10-10,58.9,0.04019999999999999
2025-10-13,59.49,0.04019999999999999
2025-10-14,58.7,0.04019999999999999
2025-10-15,58.27,0.0403
2025-10-16,57.46,0.04019999999999999
2025-10-17,57.54,0.04
2025-10-20,57.52,0.0397
2025-10-21,57.82,0.039599999999999996
2025-10-22,58.5,0.039599999999999996
2025-10-23,61.79,0.0395
2025-10-24,61.5,0.0393
2025-10-27,61.31,0.038900000000000004
2025-10-28,60.15,0.038900000000000004
2025-10-29,60.48,0.0393
2025-10-30,60.57,0.0392
2025-10-31,60.98,0.038900000000000004
2025-11-03,61.05,0.0398
2025-11-04,60.56,0.039599999999999996
2025-11-05,59.6,0.039599999999999996
2025-11-06,59.43,0.0393
2025-11-07,59.75,0.0392
2025-11-10,60.13,0.0395
2025-11-11,61.04,0.0395
2025-11-12,58.49,0.0395
2025-11-13,58.69,0.039599999999999996
2025-11-14,60.09,0.0395
2025-11-17,59.91,0.0397
2025-11-18,60.74,0.0394
2025-11-19,59.44,0.0395
2025-11-20,59.14,0.0394
2025-11-21,58.06,0.039
2025-11-24,58.84,0.0391
2025-11-25,57.95,0.039
2025-11-26,58.65,0.0392
2025-11-28,58.55,0.0388
2025-12-01,59.32,0.0381
2025-12-02,58.64,0.0377
2025-12-03,58.95,0.037200000000000004
2025-12-04,59.67,0.0371
2025-12-05,60.08,0.0371
2025-12-08,58.88,0.0373
2025-12-09,58.25,0.0373
2025-12-10,58.46,0.0369
2025-12-11,57.6,0.0366
2025-12-12,57.44,0.0363
2025-12-15,56.82,0.0365
2025-12-16,55.27,0.0364
2025-12-17,55.94,0.0364
2025-12-18,56.15,0.0362
2025-12-19,56.66,0.0362
2025-12-22,58.01,0.0364
2025-12-23,58.38,0.0365
2025-12-24,58.35,0.0369
2025-12-26,56.74,0.0364
2025-12-29,58.08,0.0368
2025-12-30,57.95,0.0365
2025-12-31,57.42,0.036699999999999997
2026-01-02,57.32,0.0365
2026-01-05,58.32,0.0364
2026-01-06,57.13,0.0363
2026-01-07,55.99,0.0362
2026-01-08,57.76,0.0362
2026-01-09,59.12,0.0362
2026-01-12,59.5,0.036699999999999997
2026-01-13,61.15,0.036699999999999997
2026-01-14,62.02,0.036699999999999997
2026-01-15,59.19,0.0368
2026-01-16,59.44,0.036699999999999997
2026-01-20,60.34,0.037000000000000005
2026-01-21,60.62,0.037000000000000005
2026-01-22,59.36,0.0371
2026-01-23,61.07,0.037000000000000005
2026-01-26,60.63,0.036699999999999997
2026-01-27,62.39,0.036699999999999997
2026-01-28,63.21,0.0368
2026-01-29,65.42,0.036699999999999997
2026-01-30,65.21,0.036699999999999997
2026-02-02,62.14,0.0369
2026-02-03,63.21,0.0369
2026-02-04,65.14,0.0369
2026-02-05,63.29,0.036699999999999997
2026-02-06,63.55,0.0368
2026-02-09,64.36,0.0369
2026-02-10,63.96,0.0369
2026-02-11,64.63,0.037000000000000005
2026-02-12,62.84,0.037000000000000005
2026-02-13,62.89,0.0368
2026-02-17,62.33,0.0369
2026-02-18,65.19,0.037000000000000005
2026-02-19,66.43,0.0369
2026-02-20,66.39,0.0369
2026-02-23,66.31,0.0369
2026-02-24,65.63,0.0369
2026-02-25,65.42,0.0369
2026-02-26,65.21,0.0368
2026-02-27,67.02,0.036699999999999997
2026-03-02,71.23,0.037200000000000004
2026-03-03,74.56,0.0371
2026-03-04,74.66,0.0371
2026-03-05,81.01,0.037000000000000005
2026-03-06,90.9,0.0369
2026-03-09,94.77,0.0371
2026-03-10,83.45,0.0371
2026-03-11,87.25,0.0371
2026-03-12,95.73,0.037200000000000004
2026-03-13,98.71,0.037200000000000004
2026-03-16,93.5,0.037200000000000004
2026-03-17,96.21,0.037200000000000004
2026-03-18,96.32,0.0373
2026-03-19,96.14,0.0373
2026-03-20,98.32,0.0374
2026-03-23,88.13,0.0374
2026-03-24,92.35,0.0374
2026-03-25,90.32,0.0373
2026-03-26,94.48,0.0373
2026-03-27,99.64,0.0373
2026-03-30,102.88,0.0371
2026-03-31,101.38,0.037000000000000005
2026-04-01,100.12,0.037000000000000005
2026-04-02,111.54,0.037000000000000005
2026-04-03,111.54,0.0371
2026-04-06,112.41,0.037200000000000004
2026-04-07,112.95,0.0371
2026-04-08,94.41,0.0369
2026-04-09,97.87,0.0368
2026-04-10,96.57,0.0369
2026-04-13,99.08,0.0371
2026-04-14,91.28,0.0371
2026-04-15,91.29,0.0371
2026-04-16,94.69,0.037000000000000005
2026-04-17,83.85,0.037000000000000005
2026-04-20,89.61,0.0371
2026-04-21,92.13,0.0369
2026-04-22,92.96,0.0369
2026-04-23,95.85,0.0369
2026-04-24,94.4,0.0369
2026-04-27,96.37,0.0368
2026-04-28,99.93,0.0368
2026-04-29,106.88,0.0368
2026-04-30,105.07,0.0368
2026-05-01,101.94,0.0368
2026-05-04,106.42,0.037000000000000005
2026-05-05,102.27,0.0369
2026-05-06,95.08,0.0369
2026-05-07,94.81,0.0369
2026-05-08,95.42,0.0369
2026-05-11,98.07,0.037000000000000005
2026-05-12,102.18,0.037000000000000005
2026-05-13,101.02,0.0369
2026-05-14,101.17,0.0369
2026-05-15,105.42,0.0369
2026-05-18,108.66,0.0368
2026-05-19,107.77,0.036699999999999997
2026-05-20,98.26,0.0365
2026-05-21,96.35,0.0368
2026-05-22,96.6,0.0368
2026-05-26,93.89,0.0368
2026-05-27,88.68,0.0368
2026-05-28,88.9,0.0369
2026-05-29,87.36,0.0369
2026-06-01,92.16,0.0378
2026-06-02,93.76,0.0377
2026-06-03,96.02,0.0378
2026-06-04,93.04,0.0378
2026-06-05,90.54,0.0378
2026-06-08,91.3,0.038
2026-06-09,88.2,0.0379
2026-06-10,90.03,0.0379
2026-06-11,87.71,0.0378
2026-06-12,84.88,0.0378
2026-06-15,80.75,0.0379
2026-06-16,76.05,0.0379
2026-06-17,76.79,0.0383
2026-06-18,76.6,0.0383
2026-06-22,74.82,0.0385
2026-06-23,73.21,0.0385
2026-06-24,70.34,0.0385
2026-06-25,71.92,0.0384
2026-06-26,69.23,0.0383
2026-06-29,70.75,0.0387
2026-06-30,69.5,0.0387
